2026-06-24 00:57:57 | INFO     | strategy.combo:__init__:36 | 加载策略: EMA_Cross (权重=1.0)
2026-06-24 00:57:57 | INFO     | strategy.combo:__init__:36 | 加载策略: Donchian_Breakout (权重=1.0)
2026-06-24 00:57:57 | INFO     | strategy.combo:__init__:36 | 加载策略: MACD_Trend (权重=1.0)
2026-06-24 00:57:57 | INFO     | risk.position_sizer:calc_buy_size:82 | 仓位计算: 价格=15.00, 可用资金=2000000, 最大单仓=400000, 建议买入=26600股(399000元)
2026-06-24 00:58:10 | INFO     | strategy.combo:__init__:36 | 加载策略: EMA_Cross (权重=1.0)
2026-06-24 00:58:10 | INFO     | strategy.combo:__init__:36 | 加载策略: Donchian_Breakout (权重=1.0)
2026-06-24 00:58:10 | INFO     | strategy.combo:__init__:36 | 加载策略: MACD_Trend (权重=1.0)
2026-06-24 00:58:10 | DEBUG    | strategy.combo:generate_signal:88 |   [EMA_Cross] -> buy (强度=0.40) EMA多头排列, 趋势向上
2026-06-24 00:58:10 | DEBUG    | strategy.combo:generate_signal:88 |   [Donchian_Breakout] -> buy (强度=0.90) 突破20日新高(47.03), ATR=0.61
2026-06-24 00:58:10 | DEBUG    | strategy.combo:generate_signal:88 |   [MACD_Trend] -> hold (强度=0.00) MACD无明显信号
2026-06-24 00:58:10 | INFO     | execution.simulator:buy:125 | 💰 买入 贵州茅台(600519): 100股 @ 1801.80 金额=180180 费用=57.66 总成本=180238
2026-06-24 00:58:10 | ERROR    | risk.manager:check_global_risk:85 | ⚠️ 触发最大回撤熔断! 回撤=25.00% >= 20.00%
2026-06-24 00:58:22 | INFO     | strategy.combo:__init__:36 | 加载策略: EMA_Cross (权重=1.0)
2026-06-24 00:58:22 | INFO     | strategy.combo:__init__:36 | 加载策略: Donchian_Breakout (权重=1.0)
2026-06-24 00:58:22 | INFO     | strategy.combo:__init__:36 | 加载策略: MACD_Trend (权重=1.0)
2026-06-24 00:58:22 | INFO     | strategy.combo:__init__:36 | 加载策略: EMA_Cross (权重=1.0)
2026-06-24 00:58:22 | INFO     | strategy.combo:__init__:36 | 加载策略: Donchian_Breakout (权重=1.0)
2026-06-24 00:58:22 | INFO     | strategy.combo:__init__:36 | 加载策略: MACD_Trend (权重=1.0)
2026-06-24 00:58:22 | DEBUG    | strategy.combo:generate_signal:88 |   [EMA_Cross] -> buy (强度=0.40) EMA多头排列, 趋势向上
2026-06-24 00:58:22 | DEBUG    | strategy.combo:generate_signal:88 |   [Donchian_Breakout] -> buy (强度=0.30) 价格在通道上部(106%)
2026-06-24 00:58:22 | DEBUG    | strategy.combo:generate_signal:88 |   [MACD_Trend] -> hold (强度=0.00) MACD无明显信号
2026-06-24 01:08:44 | INFO     | __main__:fetch_real_data:45 | 获取 300308.SZ 数据: 340条, 2023-01-03 ~ 2024-05-31
2026-06-24 01:08:44 | INFO     | __main__:fetch_real_data:47 | 期初收盘: 28.01, 期末收盘: 111.34, 期间涨跌: +297.46%
2026-06-24 01:08:44 | INFO     | __main__:fetch_real_data:50 | 最高价: 191.17, 最低价: 26.61
2026-06-24 01:08:44 | INFO     | strategy.combo:__init__:36 | 加载策略: EMA_Cross (权重=1.0)
2026-06-24 01:08:44 | INFO     | strategy.combo:__init__:36 | 加载策略: Donchian_Breakout (权重=1.0)
2026-06-24 01:08:44 | INFO     | strategy.combo:__init__:36 | 加载策略: MACD_Trend (权重=1.0)
2026-06-24 01:09:27 | INFO     | __main__:fetch_real_data:45 | 获取 300308.SZ 数据: 340条, 2023-01-03 ~ 2024-05-31
2026-06-24 01:09:27 | INFO     | __main__:fetch_real_data:47 | 期初收盘: 28.01, 期末收盘: 111.34, 期间涨跌: +297.46%
2026-06-24 01:09:27 | INFO     | __main__:fetch_real_data:50 | 最高价: 191.17, 最低价: 26.61
2026-06-24 01:09:27 | INFO     | strategy.combo:__init__:36 | 加载策略: EMA_Cross (权重=1.0)
2026-06-24 01:09:27 | INFO     | strategy.combo:__init__:36 | 加载策略: Donchian_Breakout (权重=1.0)
2026-06-24 01:09:27 | INFO     | strategy.combo:__init__:36 | 加载策略: MACD_Trend (权重=1.0)
2026-06-24 01:09:27 | INFO     | risk.manager:_check_date_rollover:55 | 新交易日(2023-04-19), 重置日内风控统计
2026-06-24 01:09:27 | DEBUG    | strategy.combo:generate_signal:88 |   [EMA_Cross] -> buy (强度=0.40) EMA多头排列, 趋势向上
2026-06-24 01:09:27 | DEBUG    | strategy.combo:generate_signal:88 |   [Donchian_Breakout] -> buy (强度=0.30) 价格在通道上部(95%)
2026-06-24 01:09:27 | DEBUG    | strategy.combo:generate_signal:88 |   [MACD_Trend] -> buy (强度=0.50) MACD在零轴上方运行, 趋势向上
2026-06-24 01:09:27 | INFO     | risk.position_sizer:calc_buy_size:82 | 仓位计算: 价格=74.85, 可用资金=2000000, 最大单仓=400000, 建议买入=5300股(396719元)
2026-06-24 01:09:27 | INFO     | execution.simulator:buy:125 | 💰 买入 中际旭创(300308.SZ): 5300股 @ 74.93 金额=397129 费用=127.08 总成本=397256
2026-06-24 01:09:27 | INFO     | risk.manager:_check_date_rollover:55 | 新交易日(2023-04-20), 重置日内风控统计
2026-06-24 01:09:27 | DEBUG    | strategy.combo:generate_signal:88 |   [EMA_Cross] -> buy (强度=0.40) EMA多头排列, 趋势向上
2026-06-24 01:09:27 | DEBUG    | strategy.combo:generate_signal:88 |   [Donchian_Breakout] -> buy (强度=0.30) 价格在通道上部(106%)
2026-06-24 01:09:27 | DEBUG    | strategy.combo:generate_signal:88 |   [MACD_Trend] -> buy (强度=0.50) MACD在零轴上方运行, 趋势向上
2026-06-24 01:09:27 | INFO     | risk.manager:_check_date_rollover:55 | 新交易日(2023-04-21), 重置日内风控统计
2026-06-24 01:09:27 | DEBUG    | strategy.combo:generate_signal:88 |   [EMA_Cross] -> buy (强度=0.40) EMA多头排列, 趋势向上
2026-06-24 01:09:27 | DEBUG    | strategy.combo:generate_signal:88 |   [Donchian_Breakout] -> buy (强度=0.30) 价格在通道上部(90%)
2026-06-24 01:09:27 | DEBUG    | strategy.combo:generate_signal:88 |   [MACD_Trend] -> buy (强度=0.50) MACD在零轴上方运行, 趋势向上
2026-06-24 01:09:27 | INFO     | risk.manager:_check_date_rollover:55 | 新交易日(2023-04-24), 重置日内风控统计
2026-06-24 01:09:27 | DEBUG    | strategy.combo:generate_signal:88 |   [EMA_Cross] -> buy (强度=0.40) EMA多头排列, 趋势向上
2026-06-24 01:09:27 | DEBUG    | strategy.combo:generate_signal:88 |   [Donchian_Breakout] -> buy (强度=0.90) 突破20日新高(81.17), ATR=6.22
2026-06-24 01:09:27 | DEBUG    | strategy.combo:generate_signal:88 |   [MACD_Trend] -> buy (强度=0.50) MACD在零轴上方运行, 趋势向上
2026-06-24 01:09:27 | INFO     | risk.manager:_check_date_rollover:55 | 新交易日(2023-04-25), 重置日内风控统计
2026-06-24 01:09:27 | DEBUG    | strategy.combo:generate_signal:88 |   [EMA_Cross] -> buy (强度=0.40) EMA多头排列, 趋势向上
2026-06-24 01:09:27 | DEBUG    | strategy.combo:generate_signal:88 |   [Donchian_Breakout] -> buy (强度=0.30) 价格在通道上部(78%)
2026-06-24 01:09:27 | DEBUG    | strategy.combo:generate_signal:88 |   [MACD_Trend] -> buy (强度=0.50) MACD在零轴上方运行, 趋势向上
2026-06-24 01:09:27 | INFO     | risk.manager:_check_date_rollover:55 | 新交易日(2023-04-26), 重置日内风控统计
2026-06-24 01:09:27 | DEBUG    | strategy.combo:generate_signal:88 |   [EMA_Cross] -> buy (强度=0.40) EMA多头排列, 趋势向上
2026-06-24 01:09:27 | DEBUG    | strategy.combo:generate_signal:88 |   [Donchian_Breakout] -> buy (强度=0.30) 价格在通道上部(74%)
2026-06-24 01:09:27 | DEBUG    | strategy.combo:generate_signal:88 |   [MACD_Trend] -> buy (强度=0.50) MACD在零轴上方运行, 趋势向上
2026-06-24 01:09:27 | INFO     | risk.manager:_check_date_rollover:55 | 新交易日(2023-04-27), 重置日内风控统计
2026-06-24 01:09:27 | DEBUG    | strategy.combo:generate_signal:88 |   [EMA_Cross] -> buy (强度=0.40) EMA多头排列, 趋势向上
2026-06-24 01:09:27 | DEBUG    | strategy.combo:generate_signal:88 |   [Donchian_Breakout] -> buy (强度=0.30) 价格在通道上部(71%)
2026-06-24 01:09:27 | DEBUG    | strategy.combo:generate_signal:88 |   [MACD_Trend] -> sell (强度=0.80) MACD死叉, DIF=8.492, DEA=8.520
2026-06-24 01:09:27 | INFO     | risk.manager:_check_date_rollover:55 | 新交易日(2023-04-28), 重置日内风控统计
2026-06-24 01:09:27 | DEBUG    | strategy.combo:generate_signal:88 |   [EMA_Cross] -> buy (强度=0.40) EMA多头排列, 趋势向上
2026-06-24 01:09:27 | DEBUG    | strategy.combo:generate_signal:88 |   [Donchian_Breakout] -> buy (强度=0.30) 价格在通道上部(102%)
2026-06-24 01:09:27 | DEBUG    | strategy.combo:generate_signal:88 |   [MACD_Trend] -> buy (强度=0.85) MACD金叉, DIF=9.014, DEA=8.618, 价格在MA60上方
2026-06-24 01:09:27 | INFO     | risk.manager:_check_date_rollover:55 | 新交易日(2023-05-04), 重置日内风控统计
2026-06-24 01:09:27 | DEBUG    | strategy.combo:generate_signal:88 |   [EMA_Cross] -> buy (强度=0.40) EMA多头排列, 趋势向上
2026-06-24 01:09:27 | DEBUG    | strategy.combo:generate_signal:88 |   [Donchian_Breakout] -> buy (强度=0.30) 价格在通道上部(84%)
2026-06-24 01:09:27 | DEBUG    | strategy.combo:generate_signal:88 |   [MACD_Trend] -> buy (强度=0.50) MACD在零轴上方运行, 趋势向上
2026-06-24 01:09:27 | INFO     | risk.manager:_check_date_rollover:55 | 新交易日(2023-05-05), 重置日内风控统计
2026-06-24 01:09:27 | DEBUG    | strategy.combo:generate_signal:88 |   [EMA_Cross] -> buy (强度=0.40) EMA多头排列, 趋势向上
2026-06-24 01:09:27 | DEBUG    | strategy.combo:generate_signal:88 |   [Donchian_Breakout] -> hold (强度=0.00) 价格在通道中部
2026-06-24 01:09:27 | DEBUG    | strategy.combo:generate_signal:88 |   [MACD_Trend] -> sell (强度=0.80) MACD死叉, DIF=8.244, DEA=8.595
2026-06-24 01:09:27 | WARNING  | execution.simulator:sell:148 | [300308.SZ] T+1限制: 今日买入不可卖
2026-06-24 01:09:27 | INFO     | risk.manager:_check_date_rollover:55 | 新交易日(2023-05-08), 重置日内风控统计
2026-06-24 01:09:27 | DEBUG    | strategy.combo:generate_signal:88 |   [EMA_Cross] -> buy (强度=0.40) EMA多头排列, 趋势向上
2026-06-24 01:09:27 | DEBUG    | strategy.combo:generate_signal:88 |   [Donchian_Breakout] -> hold (强度=0.00) 价格在通道中部
2026-06-24 01:09:27 | DEBUG    | strategy.combo:generate_signal:88 |   [MACD_Trend] -> hold (强度=0.00) MACD无明显信号
2026-06-24 01:09:27 | WARNING  | execution.simulator:sell:148 | [300308.SZ] T+1限制: 今日买入不可卖
2026-06-24 01:09:27 | INFO     | risk.manager:_check_date_rollover:55 | 新交易日(2023-05-09), 重置日内风控统计
2026-06-24 01:09:27 | DEBUG    | strategy.combo:generate_signal:88 |   [EMA_Cross] -> buy (强度=0.40) EMA多头排列, 趋势向上
2026-06-24 01:09:27 | DEBUG    | strategy.combo:generate_signal:88 |   [Donchian_Breakout] -> hold (强度=0.00) 价格在通道中部
2026-06-24 01:09:27 | DEBUG    | strategy.combo:generate_signal:88 |   [MACD_Trend] -> hold (强度=0.00) MACD无明显信号
2026-06-24 01:09:27 | INFO     | risk.manager:_check_date_rollover:55 | 新交易日(2023-05-10), 重置日内风控统计
2026-06-24 01:09:27 | DEBUG    | strategy.combo:generate_signal:88 |   [EMA_Cross] -> buy (强度=0.40) EMA多头排列, 趋势向上
2026-06-24 01:09:27 | DEBUG    | strategy.combo:generate_signal:88 |   [Donchian_Breakout] -> hold (强度=0.00) 价格在通道中部
2026-06-24 01:09:27 | DEBUG    | strategy.combo:generate_signal:88 |   [MACD_Trend] -> hold (强度=0.00) MACD无明显信号
2026-06-24 01:09:27 | WARNING  | execution.simulator:sell:148 | [300308.SZ] T+1限制: 今日买入不可卖
2026-06-24 01:09:27 | INFO     | risk.manager:_check_date_rollover:55 | 新交易日(2023-05-11), 重置日内风控统计
2026-06-24 01:09:27 | DEBUG    | strategy.combo:generate_signal:88 |   [EMA_Cross] -> buy (强度=0.40) EMA多头排列, 趋势向上
2026-06-24 01:09:27 | DEBUG    | strategy.combo:generate_signal:88 |   [Donchian_Breakout] -> sell (强度=0.80) 跌破10日新低(73.26)
2026-06-24 01:09:27 | DEBUG    | strategy.combo:generate_signal:88 |   [MACD_Trend] -> hold (强度=0.00) MACD无明显信号
2026-06-24 01:09:27 | WARNING  | execution.simulator:sell:148 | [300308.SZ] T+1限制: 今日买入不可卖
2026-06-24 01:09:27 | INFO     | risk.manager:_check_date_rollover:55 | 新交易日(2023-05-12), 重置日内风控统计
2026-06-24 01:09:27 | DEBUG    | strategy.combo:generate_signal:88 |   [EMA_Cross] -> buy (强度=0.40) EMA多头排列, 趋势向上
2026-06-24 01:09:27 | DEBUG    | strategy.combo:generate_signal:88 |   [Donchian_Breakout] -> hold (强度=0.00) 价格在通道中部
2026-06-24 01:09:27 | DEBUG    | strategy.combo:generate_signal:88 |   [MACD_Trend] -> hold (强度=0.00) MACD无明显信号
2026-06-24 01:09:27 | WARNING  | execution.simulator:sell:148 | [300308.SZ] T+1限制: 今日买入不可卖
2026-06-24 01:09:27 | INFO     | risk.manager:_check_date_rollover:55 | 新交易日(2023-05-15), 重置日内风控统计
2026-06-24 01:09:27 | DEBUG    | strategy.combo:generate_signal:88 |   [EMA_Cross] -> buy (强度=0.40) EMA多头排列, 趋势向上
2026-06-24 01:09:27 | DEBUG    | strategy.combo:generate_signal:88 |   [Donchian_Breakout] -> hold (强度=0.00) 价格在通道中部
2026-06-24 01:09:27 | DEBUG    | strategy.combo:generate_signal:88 |   [MACD_Trend] -> hold (强度=0.00) MACD无明显信号
2026-06-24 01:09:27 | WARNING  | execution.simulator:sell:148 | [300308.SZ] T+1限制: 今日买入不可卖
2026-06-24 01:09:27 | INFO     | risk.manager:_check_date_rollover:55 | 新交易日(2023-05-16), 重置日内风控统计
2026-06-24 01:09:27 | DEBUG    | strategy.combo:generate_signal:88 |   [EMA_Cross] -> buy (强度=0.40) EMA多头排列, 趋势向上
2026-06-24 01:09:27 | DEBUG    | strategy.combo:generate_signal:88 |   [Donchian_Breakout] -> hold (强度=0.00) 价格在通道中部
2026-06-24 01:09:27 | DEBUG    | strategy.combo:generate_signal:88 |   [MACD_Trend] -> hold (强度=0.00) MACD无明显信号
2026-06-24 01:09:27 | WARNING  | execution.simulator:sell:148 | [300308.SZ] T+1限制: 今日买入不可卖
2026-06-24 01:09:27 | INFO     | risk.manager:_check_date_rollover:55 | 新交易日(2023-05-17), 重置日内风控统计
2026-06-24 01:09:27 | DEBUG    | strategy.combo:generate_signal:88 |   [EMA_Cross] -> buy (强度=0.40) EMA多头排列, 趋势向上
2026-06-24 01:09:27 | DEBUG    | strategy.combo:generate_signal:88 |   [Donchian_Breakout] -> hold (强度=0.00) 价格在通道中部
2026-06-24 01:09:27 | DEBUG    | strategy.combo:generate_signal:88 |   [MACD_Trend] -> hold (强度=0.00) MACD无明显信号
2026-06-24 01:09:27 | WARNING  | execution.simulator:sell:148 | [300308.SZ] T+1限制: 今日买入不可卖
2026-06-24 01:09:27 | INFO     | risk.manager:_check_date_rollover:55 | 新交易日(2023-05-18), 重置日内风控统计
2026-06-24 01:09:27 | DEBUG    | strategy.combo:generate_signal:88 |   [EMA_Cross] -> buy (强度=0.40) EMA多头排列, 趋势向上
2026-06-24 01:09:27 | DEBUG    | strategy.combo:generate_signal:88 |   [Donchian_Breakout] -> buy (强度=0.30) 价格在通道上部(114%)
2026-06-24 01:09:27 | DEBUG    | strategy.combo:generate_signal:88 |   [MACD_Trend] -> hold (强度=0.00) MACD无明显信号
2026-06-24 01:09:27 | INFO     | risk.manager:_check_date_rollover:55 | 新交易日(2023-05-19), 重置日内风控统计
2026-06-24 01:09:27 | DEBUG    | strategy.combo:generate_signal:88 |   [EMA_Cross] -> buy (强度=0.40) EMA多头排列, 趋势向上
2026-06-24 01:09:27 | DEBUG    | strategy.combo:generate_signal:88 |   [Donchian_Breakout] -> buy (强度=0.30) 价格在通道上部(96%)
2026-06-24 01:09:27 | DEBUG    | strategy.combo:generate_signal:88 |   [MACD_Trend] -> buy (强度=0.85) MACD金叉, DIF=5.816, DEA=5.599, 价格在MA60上方
2026-06-24 01:09:27 | INFO     | risk.manager:_check_date_rollover:55 | 新交易日(2023-05-22), 重置日内风控统计
2026-06-24 01:09:27 | DEBUG    | strategy.combo:generate_signal:88 |   [EMA_Cross] -> buy (强度=0.40) EMA多头排列, 趋势向上
2026-06-24 01:09:27 | DEBUG    | strategy.combo:generate_signal:88 |   [Donchian_Breakout] -> hold (强度=0.00) 价格在通道中部
2026-06-24 01:09:27 | DEBUG    | strategy.combo:generate_signal:88 |   [MACD_Trend] -> buy (强度=0.50) MACD在零轴上方运行, 趋势向上
2026-06-24 01:09:27 | INFO     | risk.manager:_check_date_rollover:55 | 新交易日(2023-05-23), 重置日内风控统计
2026-06-24 01:09:27 | DEBUG    | strategy.combo:generate_signal:88 |   [EMA_Cross] -> buy (强度=0.40) EMA多头排列, 趋势向上
2026-06-24 01:09:27 | DEBUG    | strategy.combo:generate_signal:88 |   [Donchian_Breakout] -> hold (强度=0.00) 价格在通道中部
2026-06-24 01:09:27 | DEBUG    | strategy.combo:generate_signal:88 |   [MACD_Trend] -> buy (强度=0.50) MACD在零轴上方运行, 趋势向上
2026-06-24 01:09:27 | INFO     | risk.manager:_check_date_rollover:55 | 新交易日(2023-05-24), 重置日内风控统计
2026-06-24 01:09:27 | DEBUG    | strategy.combo:generate_signal:88 |   [EMA_Cross] -> buy (强度=0.40) EMA多头排列, 趋势向上
2026-06-24 01:09:27 | DEBUG    | strategy.combo:generate_signal:88 |   [Donchian_Breakout] -> hold (强度=0.00) 价格在通道中部
2026-06-24 01:09:27 | DEBUG    | strategy.combo:generate_signal:88 |   [MACD_Trend] -> sell (强度=0.80) MACD死叉, DIF=5.665, DEA=5.695
2026-06-24 01:09:27 | INFO     | risk.manager:_check_date_rollover:55 | 新交易日(2023-05-25), 重置日内风控统计
2026-06-24 01:09:27 | DEBUG    | strategy.combo:generate_signal:88 |   [EMA_Cross] -> buy (强度=0.40) EMA多头排列, 趋势向上
2026-06-24 01:09:27 | DEBUG    | strategy.combo:generate_signal:88 |   [Donchian_Breakout] -> buy (强度=0.30) 价格在通道上部(77%)
2026-06-24 01:09:27 | DEBUG    | strategy.combo:generate_signal:88 |   [MACD_Trend] -> buy (强度=0.85) MACD金叉, DIF=5.917, DEA=5.740, 价格在MA60上方
2026-06-24 01:09:27 | INFO     | risk.manager:_check_date_rollover:55 | 新交易日(2023-05-26), 重置日内风控统计
2026-06-24 01:09:27 | DEBUG    | strategy.combo:generate_signal:88 |   [EMA_Cross] -> buy (强度=0.40) EMA多头排列, 趋势向上
2026-06-24 01:09:27 | DEBUG    | strategy.combo:generate_signal:88 |   [Donchian_Breakout] -> hold (强度=0.00) 价格在通道中部
2026-06-24 01:09:27 | DEBUG    | strategy.combo:generate_signal:88 |   [MACD_Trend] -> buy (强度=0.50) MACD在零轴上方运行, 趋势向上
2026-06-24 01:09:27 | INFO     | risk.manager:_check_date_rollover:55 | 新交易日(2023-05-29), 重置日内风控统计
2026-06-24 01:09:27 | DEBUG    | strategy.combo:generate_signal:88 |   [EMA_Cross] -> buy (强度=0.40) EMA多头排列, 趋势向上
2026-06-24 01:09:27 | DEBUG    | strategy.combo:generate_signal:88 |   [Donchian_Breakout] -> buy (强度=0.30) 价格在通道上部(86%)
2026-06-24 01:09:27 | DEBUG    | strategy.combo:generate_signal:88 |   [MACD_Trend] -> buy (强度=0.50) MACD在零轴上方运行, 趋势向上
2026-06-24 01:09:27 | INFO     | risk.manager:_check_date_rollover:55 | 新交易日(2023-05-30), 重置日内风控统计
2026-06-24 01:09:27 | DEBUG    | strategy.combo:generate_signal:88 |   [EMA_Cross] -> buy (强度=0.40) EMA多头排列, 趋势向上
2026-06-24 01:09:27 | DEBUG    | strategy.combo:generate_signal:88 |   [Donchian_Breakout] -> buy (强度=0.90) 突破20日新高(101.34), ATR=8.62
2026-06-24 01:09:27 | DEBUG    | strategy.combo:generate_signal:88 |   [MACD_Trend] -> buy (强度=0.50) MACD在零轴上方运行, 趋势向上
2026-06-24 01:09:27 | INFO     | risk.manager:_check_date_rollover:55 | 新交易日(2023-05-31), 重置日内风控统计
2026-06-24 01:09:27 | DEBUG    | strategy.combo:generate_signal:88 |   [EMA_Cross] -> buy (强度=0.40) EMA多头排列, 趋势向上
2026-06-24 01:09:27 | DEBUG    | strategy.combo:generate_signal:88 |   [Donchian_Breakout] -> buy (强度=0.30) 价格在通道上部(93%)
2026-06-24 01:09:27 | DEBUG    | strategy.combo:generate_signal:88 |   [MACD_Trend] -> buy (强度=0.50) MACD在零轴上方运行, 趋势向上
2026-06-24 01:09:27 | INFO     | risk.manager:_check_date_rollover:55 | 新交易日(2023-06-01), 重置日内风控统计
2026-06-24 01:09:27 | DEBUG    | strategy.combo:generate_signal:88 |   [EMA_Cross] -> buy (强度=0.40) EMA多头排列, 趋势向上
2026-06-24 01:09:27 | DEBUG    | strategy.combo:generate_signal:88 |   [Donchian_Breakout] -> buy (强度=0.30) 价格在通道上部(95%)
2026-06-24 01:09:27 | DEBUG    | strategy.combo:generate_signal:88 |   [MACD_Trend] -> buy (强度=0.50) MACD在零轴上方运行, 趋势向上
2026-06-24 01:09:27 | INFO     | risk.manager:_check_date_rollover:55 | 新交易日(2023-06-02), 重置日内风控统计
2026-06-24 01:09:27 | DEBUG    | strategy.combo:generate_signal:88 |   [EMA_Cross] -> buy (强度=0.40) EMA多头排列, 趋势向上
2026-06-24 01:09:27 | DEBUG    | strategy.combo:generate_signal:88 |   [Donchian_Breakout] -> buy (强度=0.30) 价格在通道上部(89%)
2026-06-24 01:09:27 | DEBUG    | strategy.combo:generate_signal:88 |   [MACD_Trend] -> buy (强度=0.50) MACD在零轴上方运行, 趋势向上
2026-06-24 01:09:27 | INFO     | risk.manager:_check_date_rollover:55 | 新交易日(2023-06-05), 重置日内风控统计
2026-06-24 01:09:27 | DEBUG    | strategy.combo:generate_signal:88 |   [EMA_Cross] -> buy (强度=0.40) EMA多头排列, 趋势向上
2026-06-24 01:09:27 | DEBUG    | strategy.combo:generate_signal:88 |   [Donchian_Breakout] -> buy (强度=0.30) 价格在通道上部(96%)
2026-06-24 01:09:27 | DEBUG    | strategy.combo:generate_signal:88 |   [MACD_Trend] -> buy (强度=0.50) MACD在零轴上方运行, 趋势向上
2026-06-24 01:09:27 | INFO     | risk.manager:_check_date_rollover:55 | 新交易日(2023-06-06), 重置日内风控统计
2026-06-24 01:09:27 | DEBUG    | strategy.combo:generate_signal:88 |   [EMA_Cross] -> buy (强度=0.40) EMA多头排列, 趋势向上
2026-06-24 01:09:27 | DEBUG    | strategy.combo:generate_signal:88 |   [Donchian_Breakout] -> buy (强度=0.30) 价格在通道上部(82%)
2026-06-24 01:09:27 | DEBUG    | strategy.combo:generate_signal:88 |   [MACD_Trend] -> buy (强度=0.50) MACD在零轴上方运行, 趋势向上
2026-06-24 01:09:27 | INFO     | risk.manager:_check_date_rollover:55 | 新交易日(2023-06-07), 重置日内风控统计
2026-06-24 01:09:27 | DEBUG    | strategy.combo:generate_signal:88 |   [EMA_Cross] -> buy (强度=0.40) EMA多头排列, 趋势向上
2026-06-24 01:09:27 | DEBUG    | strategy.combo:generate_signal:88 |   [Donchian_Breakout] -> buy (强度=0.30) 价格在通道上部(84%)
2026-06-24 01:09:27 | DEBUG    | strategy.combo:generate_signal:88 |   [MACD_Trend] -> buy (强度=0.50) MACD在零轴上方运行, 趋势向上
2026-06-24 01:09:27 | INFO     | risk.manager:_check_date_rollover:55 | 新交易日(2023-06-08), 重置日内风控统计
2026-06-24 01:09:27 | DEBUG    | strategy.combo:generate_signal:88 |   [EMA_Cross] -> buy (强度=0.40) EMA多头排列, 趋势向上
2026-06-24 01:09:27 | DEBUG    | strategy.combo:generate_signal:88 |   [Donchian_Breakout] -> buy (强度=0.30) 价格在通道上部(80%)
2026-06-24 01:09:27 | DEBUG    | strategy.combo:generate_signal:88 |   [MACD_Trend] -> buy (强度=0.50) MACD在零轴上方运行, 趋势向上
2026-06-24 01:09:27 | INFO     | risk.manager:_check_date_rollover:55 | 新交易日(2023-06-09), 重置日内风控统计
2026-06-24 01:09:27 | DEBUG    | strategy.combo:generate_signal:88 |   [EMA_Cross] -> buy (强度=0.40) EMA多头排列, 趋势向上
2026-06-24 01:09:27 | DEBUG    | strategy.combo:generate_signal:88 |   [Donchian_Breakout] -> buy (强度=0.30) 价格在通道上部(100%)
2026-06-24 01:09:27 | DEBUG    | strategy.combo:generate_signal:88 |   [MACD_Trend] -> buy (强度=0.50) MACD在零轴上方运行, 趋势向上
2026-06-24 01:09:27 | INFO     | risk.manager:_check_date_rollover:55 | 新交易日(2023-06-12), 重置日内风控统计
2026-06-24 01:09:27 | DEBUG    | strategy.combo:generate_signal:88 |   [EMA_Cross] -> buy (强度=0.40) EMA多头排列, 趋势向上
2026-06-24 01:09:27 | DEBUG    | strategy.combo:generate_signal:88 |   [Donchian_Breakout] -> buy (强度=0.30) 价格在通道上部(107%)
2026-06-24 01:09:27 | DEBUG    | strategy.combo:generate_signal:88 |   [MACD_Trend] -> buy (强度=0.50) MACD在零轴上方运行, 趋势向上
2026-06-24 01:09:27 | INFO     | risk.manager:_check_date_rollover:55 | 新交易日(2023-06-13), 重置日内风控统计
2026-06-24 01:09:27 | DEBUG    | strategy.combo:generate_signal:88 |   [EMA_Cross] -> buy (强度=0.40) EMA多头排列, 趋势向上
2026-06-24 01:09:27 | DEBUG    | strategy.combo:generate_signal:88 |   [Donchian_Breakout] -> buy (强度=0.30) 价格在通道上部(98%)
2026-06-24 01:09:27 | DEBUG    | strategy.combo:generate_signal:88 |   [MACD_Trend] -> buy (强度=0.50) MACD在零轴上方运行, 趋势向上
2026-06-24 01:09:27 | INFO     | risk.manager:_check_date_rollover:55 | 新交易日(2023-06-14), 重置日内风控统计
2026-06-24 01:09:27 | DEBUG    | strategy.combo:generate_signal:88 |   [EMA_Cross] -> buy (强度=0.40) EMA多头排列, 趋势向上
2026-06-24 01:09:27 | DEBUG    | strategy.combo:generate_signal:88 |   [Donchian_Breakout] -> buy (强度=0.90) 突破20日新高(122.88), ATR=9.08
2026-06-24 01:09:27 | DEBUG    | strategy.combo:generate_signal:88 |   [MACD_Trend] -> buy (强度=0.50) MACD在零轴上方运行, 趋势向上
2026-06-24 01:09:27 | INFO     | risk.manager:_check_date_rollover:55 | 新交易日(2023-06-15), 重置日内风控统计
2026-06-24 01:09:27 | DEBUG    | strategy.combo:generate_signal:88 |   [EMA_Cross] -> buy (强度=0.40) EMA多头排列, 趋势向上
2026-06-24 01:09:27 | DEBUG    | strategy.combo:generate_signal:88 |   [Donchian_Breakout] -> buy (强度=0.30) 价格在通道上部(100%)
2026-06-24 01:09:27 | DEBUG    | strategy.combo:generate_signal:88 |   [MACD_Trend] -> buy (强度=0.50) MACD在零轴上方运行, 趋势向上
2026-06-24 01:09:27 | INFO     | risk.manager:_check_date_rollover:55 | 新交易日(2023-06-16), 重置日内风控统计
2026-06-24 01:09:27 | DEBUG    | strategy.combo:generate_signal:88 |   [EMA_Cross] -> buy (强度=0.40) EMA多头排列, 趋势向上
2026-06-24 01:09:27 | DEBUG    | strategy.combo:generate_signal:88 |   [Donchian_Breakout] -> buy (强度=0.90) 突破20日新高(138.64), ATR=9.56
2026-06-24 01:09:27 | DEBUG    | strategy.combo:generate_signal:88 |   [MACD_Trend] -> buy (强度=0.50) MACD在零轴上方运行, 趋势向上
2026-06-24 01:09:27 | INFO     | risk.manager:_check_date_rollover:55 | 新交易日(2023-06-19), 重置日内风控统计
2026-06-24 01:09:27 | DEBUG    | strategy.combo:generate_signal:88 |   [EMA_Cross] -> buy (强度=0.40) EMA多头排列, 趋势向上
2026-06-24 01:09:27 | DEBUG    | strategy.combo:generate_signal:88 |   [Donchian_Breakout] -> buy (强度=0.30) 价格在通道上部(105%)
2026-06-24 01:09:27 | DEBUG    | strategy.combo:generate_signal:88 |   [MACD_Trend] -> buy (强度=0.50) MACD在零轴上方运行, 趋势向上
2026-06-24 01:09:27 | INFO     | risk.manager:_check_date_rollover:55 | 新交易日(2023-06-20), 重置日内风控统计
2026-06-24 01:09:27 | DEBUG    | strategy.combo:generate_signal:88 |   [EMA_Cross] -> buy (强度=0.40) EMA多头排列, 趋势向上
2026-06-24 01:09:27 | DEBUG    | strategy.combo:generate_signal:88 |   [Donchian_Breakout] -> buy (强度=0.90) 突破20日新高(163.34), ATR=10.21
2026-06-24 01:09:27 | DEBUG    | strategy.combo:generate_signal:88 |   [MACD_Trend] -> buy (强度=0.50) MACD在零轴上方运行, 趋势向上
2026-06-24 01:09:27 | INFO     | risk.manager:_check_date_rollover:55 | 新交易日(2023-06-21), 重置日内风控统计
2026-06-24 01:09:27 | DEBUG    | strategy.combo:generate_signal:88 |   [EMA_Cross] -> buy (强度=0.40) EMA多头排列, 趋势向上
2026-06-24 01:09:27 | DEBUG    | strategy.combo:generate_signal:88 |   [Donchian_Breakout] -> buy (强度=0.30) 价格在通道上部(88%)
2026-06-24 01:09:27 | DEBUG    | strategy.combo:generate_signal:88 |   [MACD_Trend] -> buy (强度=0.50) MACD在零轴上方运行, 趋势向上
2026-06-24 01:09:27 | INFO     | risk.manager:_check_date_rollover:55 | 新交易日(2023-06-26), 重置日内风控统计
2026-06-24 01:09:27 | DEBUG    | strategy.combo:generate_signal:88 |   [EMA_Cross] -> buy (强度=0.40) EMA多头排列, 趋势向上
2026-06-24 01:09:27 | DEBUG    | strategy.combo:generate_signal:88 |   [Donchian_Breakout] -> buy (强度=0.30) 价格在通道上部(73%)
2026-06-24 01:09:27 | DEBUG    | strategy.combo:generate_signal:88 |   [MACD_Trend] -> buy (强度=0.50) MACD在零轴上方运行, 趋势向上
2026-06-24 01:09:27 | INFO     | risk.manager:_check_date_rollover:55 | 新交易日(2023-06-27), 重置日内风控统计
2026-06-24 01:09:27 | DEBUG    | strategy.combo:generate_signal:88 |   [EMA_Cross] -> buy (强度=0.40) EMA多头排列, 趋势向上
2026-06-24 01:09:27 | DEBUG    | strategy.combo:generate_signal:88 |   [Donchian_Breakout] -> buy (强度=0.30) 价格在通道上部(71%)
2026-06-24 01:09:27 | DEBUG    | strategy.combo:generate_signal:88 |   [MACD_Trend] -> buy (强度=0.50) MACD在零轴上方运行, 趋势向上
2026-06-24 01:09:27 | INFO     | risk.manager:_check_date_rollover:55 | 新交易日(2023-06-28), 重置日内风控统计
2026-06-24 01:09:27 | DEBUG    | strategy.combo:generate_signal:88 |   [EMA_Cross] -> buy (强度=0.40) EMA多头排列, 趋势向上
2026-06-24 01:09:27 | DEBUG    | strategy.combo:generate_signal:88 |   [Donchian_Breakout] -> hold (强度=0.00) 价格在通道中部
2026-06-24 01:09:27 | DEBUG    | strategy.combo:generate_signal:88 |   [MACD_Trend] -> buy (强度=0.50) MACD在零轴上方运行, 趋势向上
2026-06-24 01:09:27 | INFO     | risk.manager:_check_date_rollover:55 | 新交易日(2023-06-29), 重置日内风控统计
2026-06-24 01:09:27 | DEBUG    | strategy.combo:generate_signal:88 |   [EMA_Cross] -> buy (强度=0.40) EMA多头排列, 趋势向上
2026-06-24 01:09:27 | DEBUG    | strategy.combo:generate_signal:88 |   [Donchian_Breakout] -> buy (强度=0.30) 价格在通道上部(70%)
2026-06-24 01:09:27 | DEBUG    | strategy.combo:generate_signal:88 |   [MACD_Trend] -> sell (强度=0.80) MACD死叉, DIF=15.662, DEA=15.712
2026-06-24 01:09:27 | INFO     | risk.manager:_check_date_rollover:55 | 新交易日(2023-06-30), 重置日内风控统计
2026-06-24 01:09:27 | DEBUG    | strategy.combo:generate_signal:88 |   [EMA_Cross] -> buy (强度=0.40) EMA多头排列, 趋势向上
2026-06-24 01:09:27 | DEBUG    | strategy.combo:generate_signal:88 |   [Donchian_Breakout] -> hold (强度=0.00) 价格在通道中部
2026-06-24 01:09:27 | DEBUG    | strategy.combo:generate_signal:88 |   [MACD_Trend] -> hold (强度=0.00) MACD无明显信号
2026-06-24 01:09:27 | INFO     | risk.manager:_check_date_rollover:55 | 新交易日(2023-07-03), 重置日内风控统计
2026-06-24 01:09:27 | DEBUG    | strategy.combo:generate_signal:88 |   [EMA_Cross] -> buy (强度=0.40) EMA多头排列, 趋势向上
2026-06-24 01:09:27 | DEBUG    | strategy.combo:generate_signal:88 |   [Donchian_Breakout] -> hold (强度=0.00) 价格在通道中部
2026-06-24 01:09:27 | DEBUG    | strategy.combo:generate_signal:88 |   [MACD_Trend] -> hold (强度=0.00) MACD无明显信号
2026-06-24 01:09:27 | INFO     | risk.manager:_check_date_rollover:55 | 新交易日(2023-07-04), 重置日内风控统计
2026-06-24 01:09:27 | DEBUG    | strategy.combo:generate_signal:88 |   [EMA_Cross] -> buy (强度=0.40) EMA多头排列, 趋势向上
2026-06-24 01:09:27 | DEBUG    | strategy.combo:generate_signal:88 |   [Donchian_Breakout] -> hold (强度=0.00) 价格在通道中部
2026-06-24 01:09:27 | DEBUG    | strategy.combo:generate_signal:88 |   [MACD_Trend] -> hold (强度=0.00) MACD无明显信号
2026-06-24 01:09:27 | INFO     | risk.manager:_check_date_rollover:55 | 新交易日(2023-07-05), 重置日内风控统计
2026-06-24 01:09:27 | DEBUG    | strategy.combo:generate_signal:88 |   [EMA_Cross] -> buy (强度=0.40) EMA多头排列, 趋势向上
2026-06-24 01:09:27 | DEBUG    | strategy.combo:generate_signal:88 |   [Donchian_Breakout] -> hold (强度=0.00) 价格在通道中部
2026-06-24 01:09:27 | DEBUG    | strategy.combo:generate_signal:88 |   [MACD_Trend] -> hold (强度=0.00) MACD无明显信号
2026-06-24 01:09:27 | INFO     | risk.manager:_check_date_rollover:55 | 新交易日(2023-07-06), 重置日内风控统计
2026-06-24 01:09:27 | DEBUG    | strategy.combo:generate_signal:88 |   [EMA_Cross] -> buy (强度=0.40) EMA多头排列, 趋势向上
2026-06-24 01:09:27 | DEBUG    | strategy.combo:generate_signal:88 |   [Donchian_Breakout] -> hold (强度=0.00) 价格在通道中部
2026-06-24 01:09:27 | DEBUG    | strategy.combo:generate_signal:88 |   [MACD_Trend] -> hold (强度=0.00) MACD无明显信号
2026-06-24 01:09:27 | INFO     | risk.manager:_check_date_rollover:55 | 新交易日(2023-07-07), 重置日内风控统计
2026-06-24 01:09:27 | DEBUG    | strategy.combo:generate_signal:88 |   [EMA_Cross] -> buy (强度=0.40) EMA多头排列, 趋势向上
2026-06-24 01:09:27 | DEBUG    | strategy.combo:generate_signal:88 |   [Donchian_Breakout] -> hold (强度=0.00) 价格在通道中部
2026-06-24 01:09:27 | DEBUG    | strategy.combo:generate_signal:88 |   [MACD_Trend] -> hold (强度=0.00) MACD无明显信号
2026-06-24 01:09:27 | INFO     | risk.manager:_check_date_rollover:55 | 新交易日(2023-07-10), 重置日内风控统计
2026-06-24 01:09:27 | DEBUG    | strategy.combo:generate_signal:88 |   [EMA_Cross] -> buy (强度=0.40) EMA多头排列, 趋势向上
2026-06-24 01:09:27 | DEBUG    | strategy.combo:generate_signal:88 |   [Donchian_Breakout] -> hold (强度=0.00) 价格在通道中部
2026-06-24 01:09:27 | DEBUG    | strategy.combo:generate_signal:88 |   [MACD_Trend] -> hold (强度=0.00) MACD无明显信号
2026-06-24 01:09:27 | INFO     | risk.manager:_check_date_rollover:55 | 新交易日(2023-07-11), 重置日内风控统计
2026-06-24 01:09:27 | DEBUG    | strategy.combo:generate_signal:88 |   [EMA_Cross] -> buy (强度=0.40) EMA多头排列, 趋势向上
2026-06-24 01:09:27 | DEBUG    | strategy.combo:generate_signal:88 |   [Donchian_Breakout] -> hold (强度=0.00) 价格在通道中部
2026-06-24 01:09:27 | DEBUG    | strategy.combo:generate_signal:88 |   [MACD_Trend] -> hold (强度=0.00) MACD无明显信号
2026-06-24 01:09:27 | INFO     | risk.manager:_check_date_rollover:55 | 新交易日(2023-07-12), 重置日内风控统计
2026-06-24 01:09:27 | DEBUG    | strategy.combo:generate_signal:88 |   [EMA_Cross] -> buy (强度=0.40) EMA多头排列, 趋势向上
2026-06-24 01:09:27 | DEBUG    | strategy.combo:generate_signal:88 |   [Donchian_Breakout] -> hold (强度=0.00) 价格在通道中部
2026-06-24 01:09:27 | DEBUG    | strategy.combo:generate_signal:88 |   [MACD_Trend] -> hold (强度=0.00) MACD无明显信号
2026-06-24 01:09:27 | INFO     | risk.manager:_check_date_rollover:55 | 新交易日(2023-07-13), 重置日内风控统计
2026-06-24 01:09:27 | DEBUG    | strategy.combo:generate_signal:88 |   [EMA_Cross] -> buy (强度=0.40) EMA多头排列, 趋势向上
2026-06-24 01:09:27 | DEBUG    | strategy.combo:generate_signal:88 |   [Donchian_Breakout] -> hold (强度=0.00) 价格在通道中部
2026-06-24 01:09:27 | DEBUG    | strategy.combo:generate_signal:88 |   [MACD_Trend] -> hold (强度=0.00) MACD无明显信号
2026-06-24 01:09:27 | INFO     | risk.manager:_check_date_rollover:55 | 新交易日(2023-07-14), 重置日内风控统计
2026-06-24 01:09:27 | DEBUG    | strategy.combo:generate_signal:88 |   [EMA_Cross] -> buy (强度=0.40) EMA多头排列, 趋势向上
2026-06-24 01:09:27 | DEBUG    | strategy.combo:generate_signal:88 |   [Donchian_Breakout] -> hold (强度=0.00) 价格在通道中部
2026-06-24 01:09:27 | DEBUG    | strategy.combo:generate_signal:88 |   [MACD_Trend] -> hold (强度=0.00) MACD无明显信号
2026-06-24 01:09:27 | INFO     | risk.manager:_check_date_rollover:55 | 新交易日(2023-07-17), 重置日内风控统计
2026-06-24 01:09:27 | DEBUG    | strategy.combo:generate_signal:88 |   [EMA_Cross] -> buy (强度=0.40) EMA多头排列, 趋势向上
2026-06-24 01:09:27 | DEBUG    | strategy.combo:generate_signal:88 |   [Donchian_Breakout] -> hold (强度=0.00) 价格在通道中部
2026-06-24 01:09:27 | DEBUG    | strategy.combo:generate_signal:88 |   [MACD_Trend] -> hold (强度=0.00) MACD无明显信号
2026-06-24 01:09:27 | INFO     | risk.manager:_check_date_rollover:55 | 新交易日(2023-07-18), 重置日内风控统计
2026-06-24 01:09:28 | DEBUG    | strategy.combo:generate_signal:88 |   [EMA_Cross] -> buy (强度=0.40) EMA多头排列, 趋势向上
2026-06-24 01:09:28 | DEBUG    | strategy.combo:generate_signal:88 |   [Donchian_Breakout] -> hold (强度=0.00) 价格在通道中部
2026-06-24 01:09:28 | DEBUG    | strategy.combo:generate_signal:88 |   [MACD_Trend] -> hold (强度=0.00) MACD无明显信号
2026-06-24 01:09:28 | INFO     | risk.manager:_check_date_rollover:55 | 新交易日(2023-07-19), 重置日内风控统计
2026-06-24 01:09:28 | DEBUG    | strategy.combo:generate_signal:88 |   [EMA_Cross] -> buy (强度=0.40) EMA多头排列, 趋势向上
2026-06-24 01:09:28 | DEBUG    | strategy.combo:generate_signal:88 |   [Donchian_Breakout] -> hold (强度=0.00) 价格在通道中部
2026-06-24 01:09:28 | DEBUG    | strategy.combo:generate_signal:88 |   [MACD_Trend] -> hold (强度=0.00) MACD无明显信号
2026-06-24 01:09:28 | INFO     | risk.manager:_check_date_rollover:55 | 新交易日(2023-07-20), 重置日内风控统计
2026-06-24 01:09:28 | DEBUG    | strategy.combo:generate_signal:88 |   [EMA_Cross] -> buy (强度=0.40) EMA多头排列, 趋势向上
2026-06-24 01:09:28 | DEBUG    | strategy.combo:generate_signal:88 |   [Donchian_Breakout] -> sell (强度=0.80) 跌破10日新低(135.02)
2026-06-24 01:09:28 | DEBUG    | strategy.combo:generate_signal:88 |   [MACD_Trend] -> hold (强度=0.00) MACD无明显信号
2026-06-24 01:09:28 | INFO     | risk.manager:_check_date_rollover:55 | 新交易日(2023-07-21), 重置日内风控统计
2026-06-24 01:09:28 | DEBUG    | strategy.combo:generate_signal:88 |   [EMA_Cross] -> buy (强度=0.40) EMA多头排列, 趋势向上
2026-06-24 01:09:28 | DEBUG    | strategy.combo:generate_signal:88 |   [Donchian_Breakout] -> hold (强度=0.00) 价格在通道中部
2026-06-24 01:09:28 | DEBUG    | strategy.combo:generate_signal:88 |   [MACD_Trend] -> hold (强度=0.00) MACD无明显信号
2026-06-24 01:09:28 | INFO     | risk.manager:_check_date_rollover:55 | 新交易日(2023-07-24), 重置日内风控统计
2026-06-24 01:09:28 | DEBUG    | strategy.combo:generate_signal:88 |   [EMA_Cross] -> buy (强度=0.40) EMA多头排列, 趋势向上
2026-06-24 01:09:28 | DEBUG    | strategy.combo:generate_signal:88 |   [Donchian_Breakout] -> hold (强度=0.00) 价格在通道中部
2026-06-24 01:09:28 | DEBUG    | strategy.combo:generate_signal:88 |   [MACD_Trend] -> hold (强度=0.00) MACD无明显信号
2026-06-24 01:09:28 | INFO     | risk.manager:_check_date_rollover:55 | 新交易日(2023-07-25), 重置日内风控统计
2026-06-24 01:09:28 | DEBUG    | strategy.combo:generate_signal:88 |   [EMA_Cross] -> buy (强度=0.40) EMA多头排列, 趋势向上
2026-06-24 01:09:28 | DEBUG    | strategy.combo:generate_signal:88 |   [Donchian_Breakout] -> hold (强度=0.00) 价格在通道中部
2026-06-24 01:09:28 | DEBUG    | strategy.combo:generate_signal:88 |   [MACD_Trend] -> hold (强度=0.00) MACD无明显信号
2026-06-24 01:09:28 | INFO     | risk.manager:_check_date_rollover:55 | 新交易日(2023-07-26), 重置日内风控统计
2026-06-24 01:09:28 | DEBUG    | strategy.combo:generate_signal:88 |   [EMA_Cross] -> buy (强度=0.40) EMA多头排列, 趋势向上
2026-06-24 01:09:28 | DEBUG    | strategy.combo:generate_signal:88 |   [Donchian_Breakout] -> hold (强度=0.00) 价格在通道中部
2026-06-24 01:09:28 | DEBUG    | strategy.combo:generate_signal:88 |   [MACD_Trend] -> hold (强度=0.00) MACD无明显信号
2026-06-24 01:09:28 | INFO     | risk.manager:_check_date_rollover:55 | 新交易日(2023-07-27), 重置日内风控统计
2026-06-24 01:09:28 | DEBUG    | strategy.combo:generate_signal:88 |   [EMA_Cross] -> buy (强度=0.40) EMA多头排列, 趋势向上
2026-06-24 01:09:28 | DEBUG    | strategy.combo:generate_signal:88 |   [Donchian_Breakout] -> hold (强度=0.00) 价格在通道中部
2026-06-24 01:09:28 | DEBUG    | strategy.combo:generate_signal:88 |   [MACD_Trend] -> hold (强度=0.00) MACD无明显信号
2026-06-24 01:09:28 | INFO     | risk.manager:_check_date_rollover:55 | 新交易日(2023-07-28), 重置日内风控统计
2026-06-24 01:09:28 | DEBUG    | strategy.combo:generate_signal:88 |   [EMA_Cross] -> sell (强度=0.80) EMA死叉
2026-06-24 01:09:28 | DEBUG    | strategy.combo:generate_signal:88 |   [Donchian_Breakout] -> hold (强度=0.00) 价格在通道中部
2026-06-24 01:09:28 | DEBUG    | strategy.combo:generate_signal:88 |   [MACD_Trend] -> hold (强度=0.00) MACD无明显信号
2026-06-24 01:09:28 | INFO     | risk.manager:_check_date_rollover:55 | 新交易日(2023-07-31), 重置日内风控统计
2026-06-24 01:09:28 | DEBUG    | strategy.combo:generate_signal:88 |   [EMA_Cross] -> hold (强度=0.00) 无明显信号
2026-06-24 01:09:28 | DEBUG    | strategy.combo:generate_signal:88 |   [Donchian_Breakout] -> hold (强度=0.00) 价格在通道中部
2026-06-24 01:09:28 | DEBUG    | strategy.combo:generate_signal:88 |   [MACD_Trend] -> hold (强度=0.00) MACD无明显信号
2026-06-24 01:09:28 | INFO     | risk.manager:_check_date_rollover:55 | 新交易日(2023-08-01), 重置日内风控统计
2026-06-24 01:09:28 | DEBUG    | strategy.combo:generate_signal:88 |   [EMA_Cross] -> hold (强度=0.00) 无明显信号
2026-06-24 01:09:28 | DEBUG    | strategy.combo:generate_signal:88 |   [Donchian_Breakout] -> hold (强度=0.00) 价格在通道中部
2026-06-24 01:09:28 | DEBUG    | strategy.combo:generate_signal:88 |   [MACD_Trend] -> hold (强度=0.00) MACD无明显信号
2026-06-24 01:09:28 | INFO     | risk.manager:_check_date_rollover:55 | 新交易日(2023-08-02), 重置日内风控统计
2026-06-24 01:09:28 | DEBUG    | strategy.combo:generate_signal:88 |   [EMA_Cross] -> hold (强度=0.00) 无明显信号
2026-06-24 01:09:28 | DEBUG    | strategy.combo:generate_signal:88 |   [Donchian_Breakout] -> hold (强度=0.00) 价格在通道中部
2026-06-24 01:09:28 | DEBUG    | strategy.combo:generate_signal:88 |   [MACD_Trend] -> hold (强度=0.00) MACD无明显信号
2026-06-24 01:09:28 | INFO     | risk.manager:_check_date_rollover:55 | 新交易日(2023-08-03), 重置日内风控统计
2026-06-24 01:09:28 | DEBUG    | strategy.combo:generate_signal:88 |   [EMA_Cross] -> hold (强度=0.00) 无明显信号
2026-06-24 01:09:28 | DEBUG    | strategy.combo:generate_signal:88 |   [Donchian_Breakout] -> hold (强度=0.00) 价格在通道中部
2026-06-24 01:09:28 | DEBUG    | strategy.combo:generate_signal:88 |   [MACD_Trend] -> hold (强度=0.00) MACD无明显信号
2026-06-24 01:09:28 | INFO     | risk.manager:_check_date_rollover:55 | 新交易日(2023-08-04), 重置日内风控统计
2026-06-24 01:09:28 | DEBUG    | strategy.combo:generate_signal:88 |   [EMA_Cross] -> hold (强度=0.00) 无明显信号
2026-06-24 01:09:28 | DEBUG    | strategy.combo:generate_signal:88 |   [Donchian_Breakout] -> hold (强度=0.00) 价格在通道中部
2026-06-24 01:09:28 | DEBUG    | strategy.combo:generate_signal:88 |   [MACD_Trend] -> hold (强度=0.00) MACD无明显信号
2026-06-24 01:09:28 | INFO     | risk.manager:_check_date_rollover:55 | 新交易日(2023-08-07), 重置日内风控统计
2026-06-24 01:09:28 | DEBUG    | strategy.combo:generate_signal:88 |   [EMA_Cross] -> buy (强度=0.40) EMA多头排列, 趋势向上
2026-06-24 01:09:28 | DEBUG    | strategy.combo:generate_signal:88 |   [Donchian_Breakout] -> hold (强度=0.00) 价格在通道中部
2026-06-24 01:09:28 | DEBUG    | strategy.combo:generate_signal:88 |   [MACD_Trend] -> hold (强度=0.00) MACD无明显信号
2026-06-24 01:09:28 | INFO     | risk.manager:_check_date_rollover:55 | 新交易日(2023-08-08), 重置日内风控统计
2026-06-24 01:09:28 | DEBUG    | strategy.combo:generate_signal:88 |   [EMA_Cross] -> buy (强度=0.40) EMA多头排列, 趋势向上
2026-06-24 01:09:28 | DEBUG    | strategy.combo:generate_signal:88 |   [Donchian_Breakout] -> hold (强度=0.00) 价格在通道中部
2026-06-24 01:09:28 | DEBUG    | strategy.combo:generate_signal:88 |   [MACD_Trend] -> hold (强度=0.00) MACD无明显信号
2026-06-24 01:09:28 | INFO     | risk.manager:_check_date_rollover:55 | 新交易日(2023-08-09), 重置日内风控统计
2026-06-24 01:09:28 | DEBUG    | strategy.combo:generate_signal:88 |   [EMA_Cross] -> sell (强度=0.80) EMA死叉
2026-06-24 01:09:28 | DEBUG    | strategy.combo:generate_signal:88 |   [Donchian_Breakout] -> hold (强度=0.00) 价格在通道中部
2026-06-24 01:09:28 | DEBUG    | strategy.combo:generate_signal:88 |   [MACD_Trend] -> sell (强度=0.50) 价格跌破MA60
2026-06-24 01:09:28 | WARNING  | execution.simulator:sell:148 | [300308.SZ] T+1限制: 今日买入不可卖
2026-06-24 01:09:28 | INFO     | risk.manager:_check_date_rollover:55 | 新交易日(2023-08-10), 重置日内风控统计
2026-06-24 01:09:28 | DEBUG    | strategy.combo:generate_signal:88 |   [EMA_Cross] -> hold (强度=0.00) 无明显信号
2026-06-24 01:09:28 | DEBUG    | strategy.combo:generate_signal:88 |   [Donchian_Breakout] -> hold (强度=0.00) 价格在通道中部
2026-06-24 01:09:28 | DEBUG    | strategy.combo:generate_signal:88 |   [MACD_Trend] -> hold (强度=0.00) MACD无明显信号
2026-06-24 01:09:28 | INFO     | risk.manager:_check_date_rollover:55 | 新交易日(2023-08-11), 重置日内风控统计
2026-06-24 01:09:28 | DEBUG    | strategy.combo:generate_signal:88 |   [EMA_Cross] -> sell (强度=0.70) 价格跌破EMA60趋势线
2026-06-24 01:09:28 | DEBUG    | strategy.combo:generate_signal:88 |   [Donchian_Breakout] -> sell (强度=0.80) 跌破10日新低(120.93)
2026-06-24 01:09:28 | DEBUG    | strategy.combo:generate_signal:88 |   [MACD_Trend] -> hold (强度=0.00) MACD无明显信号
2026-06-24 01:09:28 | WARNING  | execution.simulator:sell:148 | [300308.SZ] T+1限制: 今日买入不可卖
2026-06-24 01:09:28 | INFO     | risk.manager:_check_date_rollover:55 | 新交易日(2023-08-14), 重置日内风控统计
2026-06-24 01:09:28 | DEBUG    | strategy.combo:generate_signal:88 |   [EMA_Cross] -> hold (强度=0.00) 无明显信号
2026-06-24 01:09:28 | DEBUG    | strategy.combo:generate_signal:88 |   [Donchian_Breakout] -> hold (强度=0.00) 价格在通道中部
2026-06-24 01:09:28 | DEBUG    | strategy.combo:generate_signal:88 |   [MACD_Trend] -> hold (强度=0.00) MACD无明显信号
2026-06-24 01:09:28 | INFO     | risk.manager:_check_date_rollover:55 | 新交易日(2023-08-15), 重置日内风控统计
2026-06-24 01:09:28 | DEBUG    | strategy.combo:generate_signal:88 |   [EMA_Cross] -> hold (强度=0.00) 无明显信号
2026-06-24 01:09:28 | DEBUG    | strategy.combo:generate_signal:88 |   [Donchian_Breakout] -> hold (强度=0.00) 价格在通道中部
2026-06-24 01:09:28 | DEBUG    | strategy.combo:generate_signal:88 |   [MACD_Trend] -> hold (强度=0.00) MACD无明显信号
2026-06-24 01:09:28 | INFO     | risk.manager:_check_date_rollover:55 | 新交易日(2023-08-16), 重置日内风控统计
2026-06-24 01:09:28 | DEBUG    | strategy.combo:generate_signal:88 |   [EMA_Cross] -> hold (强度=0.00) 无明显信号
2026-06-24 01:09:28 | DEBUG    | strategy.combo:generate_signal:88 |   [Donchian_Breakout] -> hold (强度=0.00) 价格在通道中部
2026-06-24 01:09:28 | DEBUG    | strategy.combo:generate_signal:88 |   [MACD_Trend] -> hold (强度=0.00) MACD无明显信号
2026-06-24 01:09:28 | INFO     | risk.manager:_check_date_rollover:55 | 新交易日(2023-08-17), 重置日内风控统计
2026-06-24 01:09:28 | DEBUG    | strategy.combo:generate_signal:88 |   [EMA_Cross] -> hold (强度=0.00) 无明显信号
2026-06-24 01:09:28 | DEBUG    | strategy.combo:generate_signal:88 |   [Donchian_Breakout] -> hold (强度=0.00) 价格在通道中部
2026-06-24 01:09:28 | DEBUG    | strategy.combo:generate_signal:88 |   [MACD_Trend] -> hold (强度=0.00) MACD无明显信号
2026-06-24 01:09:28 | INFO     | risk.manager:_check_date_rollover:55 | 新交易日(2023-08-18), 重置日内风控统计
2026-06-24 01:09:28 | DEBUG    | strategy.combo:generate_signal:88 |   [EMA_Cross] -> hold (强度=0.00) 无明显信号
2026-06-24 01:09:28 | DEBUG    | strategy.combo:generate_signal:88 |   [Donchian_Breakout] -> sell (强度=0.80) 跌破10日新低(116.14)
2026-06-24 01:09:28 | DEBUG    | strategy.combo:generate_signal:88 |   [MACD_Trend] -> hold (强度=0.00) MACD无明显信号
2026-06-24 01:09:28 | INFO     | risk.manager:_check_date_rollover:55 | 新交易日(2023-08-21), 重置日内风控统计
2026-06-24 01:09:28 | DEBUG    | strategy.combo:generate_signal:88 |   [EMA_Cross] -> hold (强度=0.00) 无明显信号
2026-06-24 01:09:28 | DEBUG    | strategy.combo:generate_signal:88 |   [Donchian_Breakout] -> hold (强度=0.00) 价格在通道中部
2026-06-24 01:09:28 | DEBUG    | strategy.combo:generate_signal:88 |   [MACD_Trend] -> hold (强度=0.00) MACD无明显信号
2026-06-24 01:09:28 | INFO     | risk.manager:_check_date_rollover:55 | 新交易日(2023-08-22), 重置日内风控统计
2026-06-24 01:09:28 | DEBUG    | strategy.combo:generate_signal:88 |   [EMA_Cross] -> hold (强度=0.00) 无明显信号
2026-06-24 01:09:28 | DEBUG    | strategy.combo:generate_signal:88 |   [Donchian_Breakout] -> hold (强度=0.00) 价格在通道中部
2026-06-24 01:09:28 | DEBUG    | strategy.combo:generate_signal:88 |   [MACD_Trend] -> hold (强度=0.00) MACD无明显信号
2026-06-24 01:09:28 | INFO     | risk.manager:_check_date_rollover:55 | 新交易日(2023-08-23), 重置日内风控统计
2026-06-24 01:09:28 | DEBUG    | strategy.combo:generate_signal:88 |   [EMA_Cross] -> sell (强度=0.70) 价格跌破EMA60趋势线
2026-06-24 01:09:28 | DEBUG    | strategy.combo:generate_signal:88 |   [Donchian_Breakout] -> hold (强度=0.00) 价格在通道中部
2026-06-24 01:09:28 | DEBUG    | strategy.combo:generate_signal:88 |   [MACD_Trend] -> hold (强度=0.00) MACD无明显信号
2026-06-24 01:09:28 | INFO     | risk.manager:_check_date_rollover:55 | 新交易日(2023-08-24), 重置日内风控统计
2026-06-24 01:09:28 | DEBUG    | strategy.combo:generate_signal:88 |   [EMA_Cross] -> hold (强度=0.00) 无明显信号
2026-06-24 01:09:28 | DEBUG    | strategy.combo:generate_signal:88 |   [Donchian_Breakout] -> hold (强度=0.00) 价格在通道中部
2026-06-24 01:09:28 | DEBUG    | strategy.combo:generate_signal:88 |   [MACD_Trend] -> hold (强度=0.00) MACD无明显信号
2026-06-24 01:09:28 | INFO     | risk.manager:_check_date_rollover:55 | 新交易日(2023-08-25), 重置日内风控统计
2026-06-24 01:09:28 | DEBUG    | strategy.combo:generate_signal:88 |   [EMA_Cross] -> hold (强度=0.00) 无明显信号
2026-06-24 01:09:28 | DEBUG    | strategy.combo:generate_signal:88 |   [Donchian_Breakout] -> sell (强度=0.80) 跌破10日新低(114.28)
2026-06-24 01:09:28 | DEBUG    | strategy.combo:generate_signal:88 |   [MACD_Trend] -> hold (强度=0.00) MACD无明显信号
2026-06-24 01:09:28 | INFO     | risk.manager:_check_date_rollover:55 | 新交易日(2023-08-28), 重置日内风控统计
2026-06-24 01:09:28 | DEBUG    | strategy.combo:generate_signal:88 |   [EMA_Cross] -> hold (强度=0.00) 无明显信号
2026-06-24 01:09:28 | DEBUG    | strategy.combo:generate_signal:88 |   [Donchian_Breakout] -> hold (强度=0.00) 价格在通道中部
2026-06-24 01:09:28 | DEBUG    | strategy.combo:generate_signal:88 |   [MACD_Trend] -> hold (强度=0.00) MACD无明显信号
2026-06-24 01:09:28 | INFO     | risk.manager:_check_date_rollover:55 | 新交易日(2023-08-29), 重置日内风控统计
2026-06-24 01:09:28 | DEBUG    | strategy.combo:generate_signal:88 |   [EMA_Cross] -> hold (强度=0.00) 无明显信号
2026-06-24 01:09:28 | DEBUG    | strategy.combo:generate_signal:88 |   [Donchian_Breakout] -> hold (强度=0.00) 价格在通道中部
2026-06-24 01:09:28 | DEBUG    | strategy.combo:generate_signal:88 |   [MACD_Trend] -> hold (强度=0.00) MACD无明显信号
2026-06-24 01:09:28 | INFO     | risk.manager:_check_date_rollover:55 | 新交易日(2023-08-30), 重置日内风控统计
2026-06-24 01:09:28 | DEBUG    | strategy.combo:generate_signal:88 |   [EMA_Cross] -> hold (强度=0.00) 无明显信号
2026-06-24 01:09:28 | DEBUG    | strategy.combo:generate_signal:88 |   [Donchian_Breakout] -> hold (强度=0.00) 价格在通道中部
2026-06-24 01:09:28 | DEBUG    | strategy.combo:generate_signal:88 |   [MACD_Trend] -> hold (强度=0.00) MACD无明显信号
2026-06-24 01:09:28 | INFO     | risk.manager:_check_date_rollover:55 | 新交易日(2023-08-31), 重置日内风控统计
2026-06-24 01:09:28 | DEBUG    | strategy.combo:generate_signal:88 |   [EMA_Cross] -> hold (强度=0.00) 无明显信号
2026-06-24 01:09:28 | DEBUG    | strategy.combo:generate_signal:88 |   [Donchian_Breakout] -> hold (强度=0.00) 价格在通道中部
2026-06-24 01:09:28 | DEBUG    | strategy.combo:generate_signal:88 |   [MACD_Trend] -> hold (强度=0.00) MACD无明显信号
2026-06-24 01:09:28 | INFO     | risk.manager:_check_date_rollover:55 | 新交易日(2023-09-01), 重置日内风控统计
2026-06-24 01:09:28 | DEBUG    | strategy.combo:generate_signal:88 |   [EMA_Cross] -> hold (强度=0.00) 无明显信号
2026-06-24 01:09:28 | DEBUG    | strategy.combo:generate_signal:88 |   [Donchian_Breakout] -> hold (强度=0.00) 价格在通道中部
2026-06-24 01:09:28 | DEBUG    | strategy.combo:generate_signal:88 |   [MACD_Trend] -> hold (强度=0.00) MACD无明显信号
2026-06-24 01:09:28 | INFO     | risk.manager:_check_date_rollover:55 | 新交易日(2023-09-04), 重置日内风控统计
2026-06-24 01:09:28 | DEBUG    | strategy.combo:generate_signal:88 |   [EMA_Cross] -> hold (强度=0.00) 无明显信号
2026-06-24 01:09:28 | DEBUG    | strategy.combo:generate_signal:88 |   [Donchian_Breakout] -> hold (强度=0.00) 价格在通道中部
2026-06-24 01:09:28 | DEBUG    | strategy.combo:generate_signal:88 |   [MACD_Trend] -> hold (强度=0.00) MACD无明显信号
2026-06-24 01:09:28 | INFO     | risk.manager:_check_date_rollover:55 | 新交易日(2023-09-05), 重置日内风控统计
2026-06-24 01:09:28 | DEBUG    | strategy.combo:generate_signal:88 |   [EMA_Cross] -> hold (强度=0.00) 无明显信号
2026-06-24 01:09:28 | DEBUG    | strategy.combo:generate_signal:88 |   [Donchian_Breakout] -> hold (强度=0.00) 价格在通道中部
2026-06-24 01:09:28 | DEBUG    | strategy.combo:generate_signal:88 |   [MACD_Trend] -> hold (强度=0.00) MACD无明显信号
2026-06-24 01:09:28 | INFO     | risk.manager:_check_date_rollover:55 | 新交易日(2023-09-06), 重置日内风控统计
2026-06-24 01:09:28 | DEBUG    | strategy.combo:generate_signal:88 |   [EMA_Cross] -> hold (强度=0.00) 无明显信号
2026-06-24 01:09:28 | DEBUG    | strategy.combo:generate_signal:88 |   [Donchian_Breakout] -> hold (强度=0.00) 价格在通道中部
2026-06-24 01:09:28 | DEBUG    | strategy.combo:generate_signal:88 |   [MACD_Trend] -> hold (强度=0.00) MACD无明显信号
2026-06-24 01:09:28 | INFO     | risk.manager:_check_date_rollover:55 | 新交易日(2023-09-07), 重置日内风控统计
2026-06-24 01:09:28 | DEBUG    | strategy.combo:generate_signal:88 |   [EMA_Cross] -> hold (强度=0.00) 无明显信号
2026-06-24 01:09:28 | DEBUG    | strategy.combo:generate_signal:88 |   [Donchian_Breakout] -> hold (强度=0.00) 价格在通道中部
2026-06-24 01:09:28 | DEBUG    | strategy.combo:generate_signal:88 |   [MACD_Trend] -> hold (强度=0.00) MACD无明显信号
2026-06-24 01:09:28 | INFO     | risk.manager:_check_date_rollover:55 | 新交易日(2023-09-08), 重置日内风控统计
2026-06-24 01:09:28 | DEBUG    | strategy.combo:generate_signal:88 |   [EMA_Cross] -> hold (强度=0.00) 无明显信号
2026-06-24 01:09:28 | DEBUG    | strategy.combo:generate_signal:88 |   [Donchian_Breakout] -> sell (强度=0.80) 跌破10日新低(105.07)
2026-06-24 01:09:28 | DEBUG    | strategy.combo:generate_signal:88 |   [MACD_Trend] -> hold (强度=0.00) MACD无明显信号
2026-06-24 01:09:28 | INFO     | risk.manager:_check_date_rollover:55 | 新交易日(2023-09-11), 重置日内风控统计
2026-06-24 01:09:28 | DEBUG    | strategy.combo:generate_signal:88 |   [EMA_Cross] -> hold (强度=0.00) 无明显信号
2026-06-24 01:09:28 | DEBUG    | strategy.combo:generate_signal:88 |   [Donchian_Breakout] -> hold (强度=0.00) 价格在通道中部
2026-06-24 01:09:28 | DEBUG    | strategy.combo:generate_signal:88 |   [MACD_Trend] -> hold (强度=0.00) MACD无明显信号
2026-06-24 01:09:28 | INFO     | risk.manager:_check_date_rollover:55 | 新交易日(2023-09-12), 重置日内风控统计
2026-06-24 01:09:28 | DEBUG    | strategy.combo:generate_signal:88 |   [EMA_Cross] -> hold (强度=0.00) 无明显信号
2026-06-24 01:09:28 | DEBUG    | strategy.combo:generate_signal:88 |   [Donchian_Breakout] -> hold (强度=0.00) 价格在通道中部
2026-06-24 01:09:28 | DEBUG    | strategy.combo:generate_signal:88 |   [MACD_Trend] -> hold (强度=0.00) MACD无明显信号
2026-06-24 01:09:28 | INFO     | risk.manager:_check_date_rollover:55 | 新交易日(2023-09-13), 重置日内风控统计
2026-06-24 01:09:28 | DEBUG    | strategy.combo:generate_signal:88 |   [EMA_Cross] -> hold (强度=0.00) 无明显信号
2026-06-24 01:09:28 | DEBUG    | strategy.combo:generate_signal:88 |   [Donchian_Breakout] -> hold (强度=0.00) 价格在通道中部
2026-06-24 01:09:28 | DEBUG    | strategy.combo:generate_signal:88 |   [MACD_Trend] -> hold (强度=0.00) MACD无明显信号
2026-06-24 01:09:28 | INFO     | risk.manager:_check_date_rollover:55 | 新交易日(2023-09-14), 重置日内风控统计
2026-06-24 01:09:28 | DEBUG    | strategy.combo:generate_signal:88 |   [EMA_Cross] -> hold (强度=0.00) 无明显信号
2026-06-24 01:09:28 | DEBUG    | strategy.combo:generate_signal:88 |   [Donchian_Breakout] -> hold (强度=0.00) 价格在通道中部
2026-06-24 01:09:28 | DEBUG    | strategy.combo:generate_signal:88 |   [MACD_Trend] -> sell (强度=0.80) MACD死叉, DIF=-5.389, DEA=-5.245
2026-06-24 01:09:28 | INFO     | risk.manager:_check_date_rollover:55 | 新交易日(2023-09-15), 重置日内风控统计
2026-06-24 01:09:28 | DEBUG    | strategy.combo:generate_signal:88 |   [EMA_Cross] -> hold (强度=0.00) 无明显信号
2026-06-24 01:09:28 | DEBUG    | strategy.combo:generate_signal:88 |   [Donchian_Breakout] -> sell (强度=0.80) 跌破10日新低(101.09)
2026-06-24 01:09:28 | DEBUG    | strategy.combo:generate_signal:88 |   [MACD_Trend] -> hold (强度=0.00) MACD无明显信号
2026-06-24 01:09:28 | INFO     | risk.manager:_check_date_rollover:55 | 新交易日(2023-09-18), 重置日内风控统计
2026-06-24 01:09:28 | DEBUG    | strategy.combo:generate_signal:88 |   [EMA_Cross] -> hold (强度=0.00) 无明显信号
2026-06-24 01:09:28 | DEBUG    | strategy.combo:generate_signal:88 |   [Donchian_Breakout] -> sell (强度=0.80) 跌破10日新低(96.55)
2026-06-24 01:09:28 | DEBUG    | strategy.combo:generate_signal:88 |   [MACD_Trend] -> hold (强度=0.00) MACD无明显信号
2026-06-24 01:09:28 | INFO     | risk.manager:_check_date_rollover:55 | 新交易日(2023-09-19), 重置日内风控统计
2026-06-24 01:09:28 | DEBUG    | strategy.combo:generate_signal:88 |   [EMA_Cross] -> hold (强度=0.00) 无明显信号
2026-06-24 01:09:28 | DEBUG    | strategy.combo:generate_signal:88 |   [Donchian_Breakout] -> hold (强度=0.00) 价格在通道中部
2026-06-24 01:09:28 | DEBUG    | strategy.combo:generate_signal:88 |   [MACD_Trend] -> hold (强度=0.00) MACD无明显信号
2026-06-24 01:09:28 | INFO     | risk.manager:_check_date_rollover:55 | 新交易日(2023-09-20), 重置日内风控统计
2026-06-24 01:09:28 | DEBUG    | strategy.combo:generate_signal:88 |   [EMA_Cross] -> hold (强度=0.00) 无明显信号
2026-06-24 01:09:28 | DEBUG    | strategy.combo:generate_signal:88 |   [Donchian_Breakout] -> hold (强度=0.00) 价格在通道中部
2026-06-24 01:09:28 | DEBUG    | strategy.combo:generate_signal:88 |   [MACD_Trend] -> hold (强度=0.00) MACD无明显信号
2026-06-24 01:09:28 | INFO     | risk.manager:_check_date_rollover:55 | 新交易日(2023-09-21), 重置日内风控统计
2026-06-24 01:09:28 | DEBUG    | strategy.combo:generate_signal:88 |   [EMA_Cross] -> hold (强度=0.00) 无明显信号
2026-06-24 01:09:28 | DEBUG    | strategy.combo:generate_signal:88 |   [Donchian_Breakout] -> hold (强度=0.00) 价格在通道中部
2026-06-24 01:09:28 | DEBUG    | strategy.combo:generate_signal:88 |   [MACD_Trend] -> hold (强度=0.00) MACD无明显信号
2026-06-24 01:09:28 | INFO     | risk.manager:_check_date_rollover:55 | 新交易日(2023-09-22), 重置日内风控统计
2026-06-24 01:09:28 | DEBUG    | strategy.combo:generate_signal:88 |   [EMA_Cross] -> hold (强度=0.00) 无明显信号
2026-06-24 01:09:28 | DEBUG    | strategy.combo:generate_signal:88 |   [Donchian_Breakout] -> hold (强度=0.00) 价格在通道中部
2026-06-24 01:09:28 | DEBUG    | strategy.combo:generate_signal:88 |   [MACD_Trend] -> hold (强度=0.00) MACD无明显信号
2026-06-24 01:09:28 | INFO     | risk.manager:_check_date_rollover:55 | 新交易日(2023-09-25), 重置日内风控统计
2026-06-24 01:09:28 | DEBUG    | strategy.combo:generate_signal:88 |   [EMA_Cross] -> hold (强度=0.00) 无明显信号
2026-06-24 01:09:28 | DEBUG    | strategy.combo:generate_signal:88 |   [Donchian_Breakout] -> hold (强度=0.00) 价格在通道中部
2026-06-24 01:09:28 | DEBUG    | strategy.combo:generate_signal:88 |   [MACD_Trend] -> hold (强度=0.00) MACD无明显信号
2026-06-24 01:09:28 | INFO     | risk.manager:_check_date_rollover:55 | 新交易日(2023-09-26), 重置日内风控统计
2026-06-24 01:09:28 | DEBUG    | strategy.combo:generate_signal:88 |   [EMA_Cross] -> hold (强度=0.00) 无明显信号
2026-06-24 01:09:28 | DEBUG    | strategy.combo:generate_signal:88 |   [Donchian_Breakout] -> hold (强度=0.00) 价格在通道中部
2026-06-24 01:09:28 | DEBUG    | strategy.combo:generate_signal:88 |   [MACD_Trend] -> hold (强度=0.00) MACD无明显信号
2026-06-24 01:09:28 | INFO     | risk.manager:_check_date_rollover:55 | 新交易日(2023-09-27), 重置日内风控统计
2026-06-24 01:09:28 | DEBUG    | strategy.combo:generate_signal:88 |   [EMA_Cross] -> hold (强度=0.00) 无明显信号
2026-06-24 01:09:28 | DEBUG    | strategy.combo:generate_signal:88 |   [Donchian_Breakout] -> buy (强度=0.30) 价格在通道上部(79%)
2026-06-24 01:09:28 | DEBUG    | strategy.combo:generate_signal:88 |   [MACD_Trend] -> hold (强度=0.00) MACD无明显信号
2026-06-24 01:09:28 | INFO     | risk.manager:_check_date_rollover:55 | 新交易日(2023-09-28), 重置日内风控统计
2026-06-24 01:09:28 | DEBUG    | strategy.combo:generate_signal:88 |   [EMA_Cross] -> hold (强度=0.00) 无明显信号
2026-06-24 01:09:28 | DEBUG    | strategy.combo:generate_signal:88 |   [Donchian_Breakout] -> buy (强度=0.30) 价格在通道上部(98%)
2026-06-24 01:09:28 | DEBUG    | strategy.combo:generate_signal:88 |   [MACD_Trend] -> hold (强度=0.00) MACD无明显信号
2026-06-24 01:09:28 | INFO     | risk.manager:_check_date_rollover:55 | 新交易日(2023-10-09), 重置日内风控统计
2026-06-24 01:09:28 | DEBUG    | strategy.combo:generate_signal:88 |   [EMA_Cross] -> sell (强度=0.70) 价格跌破EMA60趋势线
2026-06-24 01:09:28 | DEBUG    | strategy.combo:generate_signal:88 |   [Donchian_Breakout] -> hold (强度=0.00) 价格在通道中部
2026-06-24 01:09:28 | DEBUG    | strategy.combo:generate_signal:88 |   [MACD_Trend] -> hold (强度=0.00) MACD无明显信号
2026-06-24 01:09:28 | INFO     | risk.manager:_check_date_rollover:55 | 新交易日(2023-10-10), 重置日内风控统计
2026-06-24 01:09:28 | DEBUG    | strategy.combo:generate_signal:88 |   [EMA_Cross] -> hold (强度=0.00) 无明显信号
2026-06-24 01:09:28 | DEBUG    | strategy.combo:generate_signal:88 |   [Donchian_Breakout] -> hold (强度=0.00) 价格在通道中部
2026-06-24 01:09:28 | DEBUG    | strategy.combo:generate_signal:88 |   [MACD_Trend] -> hold (强度=0.00) MACD无明显信号
2026-06-24 01:09:28 | INFO     | risk.manager:_check_date_rollover:55 | 新交易日(2023-10-11), 重置日内风控统计
2026-06-24 01:09:28 | DEBUG    | strategy.combo:generate_signal:88 |   [EMA_Cross] -> hold (强度=0.00) 无明显信号
2026-06-24 01:09:28 | DEBUG    | strategy.combo:generate_signal:88 |   [Donchian_Breakout] -> hold (强度=0.00) 价格在通道中部
2026-06-24 01:09:28 | DEBUG    | strategy.combo:generate_signal:88 |   [MACD_Trend] -> sell (强度=0.60) MACD柱状图连续缩短, 动能衰减
2026-06-24 01:09:28 | INFO     | risk.manager:_check_date_rollover:55 | 新交易日(2023-10-12), 重置日内风控统计
2026-06-24 01:09:28 | DEBUG    | strategy.combo:generate_signal:88 |   [EMA_Cross] -> hold (强度=0.00) 无明显信号
2026-06-24 01:09:28 | DEBUG    | strategy.combo:generate_signal:88 |   [Donchian_Breakout] -> hold (强度=0.00) 价格在通道中部
2026-06-24 01:09:28 | DEBUG    | strategy.combo:generate_signal:88 |   [MACD_Trend] -> sell (强度=0.60) MACD柱状图连续缩短, 动能衰减
2026-06-24 01:09:28 | INFO     | risk.manager:_check_date_rollover:55 | 新交易日(2023-10-13), 重置日内风控统计
2026-06-24 01:09:28 | DEBUG    | strategy.combo:generate_signal:88 |   [EMA_Cross] -> hold (强度=0.00) 无明显信号
2026-06-24 01:09:28 | DEBUG    | strategy.combo:generate_signal:88 |   [Donchian_Breakout] -> hold (强度=0.00) 价格在通道中部
2026-06-24 01:09:28 | DEBUG    | strategy.combo:generate_signal:88 |   [MACD_Trend] -> sell (强度=0.60) MACD柱状图连续缩短, 动能衰减
2026-06-24 01:09:28 | INFO     | risk.manager:_check_date_rollover:55 | 新交易日(2023-10-16), 重置日内风控统计
2026-06-24 01:09:28 | DEBUG    | strategy.combo:generate_signal:88 |   [EMA_Cross] -> hold (强度=0.00) 无明显信号
2026-06-24 01:09:28 | DEBUG    | strategy.combo:generate_signal:88 |   [Donchian_Breakout] -> hold (强度=0.00) 价格在通道中部
2026-06-24 01:09:28 | DEBUG    | strategy.combo:generate_signal:88 |   [MACD_Trend] -> sell (强度=0.60) MACD柱状图连续缩短, 动能衰减
2026-06-24 01:09:28 | INFO     | risk.manager:_check_date_rollover:55 | 新交易日(2023-10-17), 重置日内风控统计
2026-06-24 01:09:28 | DEBUG    | strategy.combo:generate_signal:88 |   [EMA_Cross] -> hold (强度=0.00) 无明显信号
2026-06-24 01:09:28 | DEBUG    | strategy.combo:generate_signal:88 |   [Donchian_Breakout] -> hold (强度=0.00) 价格在通道中部
2026-06-24 01:09:28 | DEBUG    | strategy.combo:generate_signal:88 |   [MACD_Trend] -> sell (强度=0.80) MACD死叉, DIF=-2.452, DEA=-2.343
2026-06-24 01:09:28 | INFO     | risk.manager:_check_date_rollover:55 | 新交易日(2023-10-18), 重置日内风控统计
2026-06-24 01:09:28 | DEBUG    | strategy.combo:generate_signal:88 |   [EMA_Cross] -> hold (强度=0.00) 无明显信号
2026-06-24 01:09:28 | DEBUG    | strategy.combo:generate_signal:88 |   [Donchian_Breakout] -> sell (强度=0.80) 跌破10日新低(97.01)
2026-06-24 01:09:28 | DEBUG    | strategy.combo:generate_signal:88 |   [MACD_Trend] -> hold (强度=0.00) MACD无明显信号
2026-06-24 01:09:28 | INFO     | risk.manager:_check_date_rollover:55 | 新交易日(2023-10-19), 重置日内风控统计
2026-06-24 01:09:28 | DEBUG    | strategy.combo:generate_signal:88 |   [EMA_Cross] -> hold (强度=0.00) 无明显信号
2026-06-24 01:09:28 | DEBUG    | strategy.combo:generate_signal:88 |   [Donchian_Breakout] -> hold (强度=0.00) 价格在通道中部
2026-06-24 01:09:28 | DEBUG    | strategy.combo:generate_signal:88 |   [MACD_Trend] -> hold (强度=0.00) MACD无明显信号
2026-06-24 01:09:28 | INFO     | risk.manager:_check_date_rollover:55 | 新交易日(2023-10-20), 重置日内风控统计
2026-06-24 01:09:28 | DEBUG    | strategy.combo:generate_signal:88 |   [EMA_Cross] -> hold (强度=0.00) 无明显信号
2026-06-24 01:09:28 | DEBUG    | strategy.combo:generate_signal:88 |   [Donchian_Breakout] -> hold (强度=0.00) 价格在通道中部
2026-06-24 01:09:28 | DEBUG    | strategy.combo:generate_signal:88 |   [MACD_Trend] -> hold (强度=0.00) MACD无明显信号
2026-06-24 01:09:28 | INFO     | risk.manager:_check_date_rollover:55 | 新交易日(2023-10-23), 重置日内风控统计
2026-06-24 01:09:28 | DEBUG    | strategy.combo:generate_signal:88 |   [EMA_Cross] -> hold (强度=0.00) 无明显信号
2026-06-24 01:09:28 | DEBUG    | strategy.combo:generate_signal:88 |   [Donchian_Breakout] -> hold (强度=0.00) 价格在通道中部
2026-06-24 01:09:28 | DEBUG    | strategy.combo:generate_signal:88 |   [MACD_Trend] -> hold (强度=0.00) MACD无明显信号
2026-06-24 01:09:28 | INFO     | risk.manager:_check_date_rollover:55 | 新交易日(2023-10-24), 重置日内风控统计
2026-06-24 01:09:28 | DEBUG    | strategy.combo:generate_signal:88 |   [EMA_Cross] -> hold (强度=0.00) 无明显信号
2026-06-24 01:09:28 | DEBUG    | strategy.combo:generate_signal:88 |   [Donchian_Breakout] -> hold (强度=0.00) 价格在通道中部
2026-06-24 01:09:28 | DEBUG    | strategy.combo:generate_signal:88 |   [MACD_Trend] -> hold (强度=0.00) MACD无明显信号
2026-06-24 01:09:28 | INFO     | risk.manager:_check_date_rollover:55 | 新交易日(2023-10-25), 重置日内风控统计
2026-06-24 01:09:28 | DEBUG    | strategy.combo:generate_signal:88 |   [EMA_Cross] -> hold (强度=0.00) 无明显信号
2026-06-24 01:09:28 | DEBUG    | strategy.combo:generate_signal:88 |   [Donchian_Breakout] -> sell (强度=0.80) 跌破10日新低(92.39)
2026-06-24 01:09:28 | DEBUG    | strategy.combo:generate_signal:88 |   [MACD_Trend] -> hold (强度=0.00) MACD无明显信号
2026-06-24 01:09:28 | INFO     | risk.manager:_check_date_rollover:55 | 新交易日(2023-10-26), 重置日内风控统计
2026-06-24 01:09:28 | DEBUG    | strategy.combo:generate_signal:88 |   [EMA_Cross] -> hold (强度=0.00) 无明显信号
2026-06-24 01:09:28 | DEBUG    | strategy.combo:generate_signal:88 |   [Donchian_Breakout] -> hold (强度=0.00) 价格在通道中部
2026-06-24 01:09:28 | DEBUG    | strategy.combo:generate_signal:88 |   [MACD_Trend] -> hold (强度=0.00) MACD无明显信号
2026-06-24 01:09:28 | INFO     | risk.manager:_check_date_rollover:55 | 新交易日(2023-10-27), 重置日内风控统计
2026-06-24 01:09:28 | DEBUG    | strategy.combo:generate_signal:88 |   [EMA_Cross] -> hold (强度=0.00) 无明显信号
2026-06-24 01:09:28 | DEBUG    | strategy.combo:generate_signal:88 |   [Donchian_Breakout] -> hold (强度=0.00) 价格在通道中部
2026-06-24 01:09:28 | DEBUG    | strategy.combo:generate_signal:88 |   [MACD_Trend] -> hold (强度=0.00) MACD无明显信号
2026-06-24 01:09:28 | INFO     | risk.manager:_check_date_rollover:55 | 新交易日(2023-10-30), 重置日内风控统计
2026-06-24 01:09:28 | DEBUG    | strategy.combo:generate_signal:88 |   [EMA_Cross] -> hold (强度=0.00) 无明显信号
2026-06-24 01:09:28 | DEBUG    | strategy.combo:generate_signal:88 |   [Donchian_Breakout] -> hold (强度=0.00) 价格在通道中部
2026-06-24 01:09:28 | DEBUG    | strategy.combo:generate_signal:88 |   [MACD_Trend] -> hold (强度=0.00) MACD无明显信号
2026-06-24 01:09:28 | INFO     | risk.manager:_check_date_rollover:55 | 新交易日(2023-10-31), 重置日内风控统计
2026-06-24 01:09:28 | DEBUG    | strategy.combo:generate_signal:88 |   [EMA_Cross] -> hold (强度=0.00) 无明显信号
2026-06-24 01:09:28 | DEBUG    | strategy.combo:generate_signal:88 |   [Donchian_Breakout] -> hold (强度=0.00) 价格在通道中部
2026-06-24 01:09:28 | DEBUG    | strategy.combo:generate_signal:88 |   [MACD_Trend] -> hold (强度=0.00) MACD无明显信号
2026-06-24 01:09:28 | INFO     | risk.manager:_check_date_rollover:55 | 新交易日(2023-11-01), 重置日内风控统计
2026-06-24 01:09:28 | DEBUG    | strategy.combo:generate_signal:88 |   [EMA_Cross] -> hold (强度=0.00) 无明显信号
2026-06-24 01:09:28 | DEBUG    | strategy.combo:generate_signal:88 |   [Donchian_Breakout] -> sell (强度=0.80) 跌破10日新低(85.15)
2026-06-24 01:09:28 | DEBUG    | strategy.combo:generate_signal:88 |   [MACD_Trend] -> hold (强度=0.00) MACD无明显信号
2026-06-24 01:09:28 | INFO     | risk.manager:_check_date_rollover:55 | 新交易日(2023-11-02), 重置日内风控统计
2026-06-24 01:09:28 | DEBUG    | strategy.combo:generate_signal:88 |   [EMA_Cross] -> hold (强度=0.00) 无明显信号
2026-06-24 01:09:28 | DEBUG    | strategy.combo:generate_signal:88 |   [Donchian_Breakout] -> hold (强度=0.00) 价格在通道中部
2026-06-24 01:09:28 | DEBUG    | strategy.combo:generate_signal:88 |   [MACD_Trend] -> hold (强度=0.00) MACD无明显信号
2026-06-24 01:09:28 | INFO     | risk.manager:_check_date_rollover:55 | 新交易日(2023-11-03), 重置日内风控统计
2026-06-24 01:09:28 | DEBUG    | strategy.combo:generate_signal:88 |   [EMA_Cross] -> hold (强度=0.00) 无明显信号
2026-06-24 01:09:28 | DEBUG    | strategy.combo:generate_signal:88 |   [Donchian_Breakout] -> hold (强度=0.00) 价格在通道中部
2026-06-24 01:09:28 | DEBUG    | strategy.combo:generate_signal:88 |   [MACD_Trend] -> hold (强度=0.00) MACD无明显信号
2026-06-24 01:09:28 | INFO     | risk.manager:_check_date_rollover:55 | 新交易日(2023-11-06), 重置日内风控统计
2026-06-24 01:09:28 | DEBUG    | strategy.combo:generate_signal:88 |   [EMA_Cross] -> hold (强度=0.00) 无明显信号
2026-06-24 01:09:28 | DEBUG    | strategy.combo:generate_signal:88 |   [Donchian_Breakout] -> hold (强度=0.00) 价格在通道中部
2026-06-24 01:09:28 | DEBUG    | strategy.combo:generate_signal:88 |   [MACD_Trend] -> hold (强度=0.00) MACD无明显信号
2026-06-24 01:09:28 | INFO     | risk.manager:_check_date_rollover:55 | 新交易日(2023-11-07), 重置日内风控统计
2026-06-24 01:09:28 | DEBUG    | strategy.combo:generate_signal:88 |   [EMA_Cross] -> hold (强度=0.00) 无明显信号
2026-06-24 01:09:28 | DEBUG    | strategy.combo:generate_signal:88 |   [Donchian_Breakout] -> hold (强度=0.00) 价格在通道中部
2026-06-24 01:09:28 | DEBUG    | strategy.combo:generate_signal:88 |   [MACD_Trend] -> hold (强度=0.00) MACD无明显信号
2026-06-24 01:09:28 | INFO     | risk.manager:_check_date_rollover:55 | 新交易日(2023-11-08), 重置日内风控统计
2026-06-24 01:09:28 | DEBUG    | strategy.combo:generate_signal:88 |   [EMA_Cross] -> hold (强度=0.00) 无明显信号
2026-06-24 01:09:28 | DEBUG    | strategy.combo:generate_signal:88 |   [Donchian_Breakout] -> hold (强度=0.00) 价格在通道中部
2026-06-24 01:09:28 | DEBUG    | strategy.combo:generate_signal:88 |   [MACD_Trend] -> hold (强度=0.00) MACD无明显信号
2026-06-24 01:09:28 | INFO     | risk.manager:_check_date_rollover:55 | 新交易日(2023-11-09), 重置日内风控统计
2026-06-24 01:09:28 | DEBUG    | strategy.combo:generate_signal:88 |   [EMA_Cross] -> hold (强度=0.00) 无明显信号
2026-06-24 01:09:28 | DEBUG    | strategy.combo:generate_signal:88 |   [Donchian_Breakout] -> hold (强度=0.00) 价格在通道中部
2026-06-24 01:09:28 | DEBUG    | strategy.combo:generate_signal:88 |   [MACD_Trend] -> hold (强度=0.00) MACD无明显信号
2026-06-24 01:09:28 | INFO     | risk.manager:_check_date_rollover:55 | 新交易日(2023-11-10), 重置日内风控统计
2026-06-24 01:09:28 | DEBUG    | strategy.combo:generate_signal:88 |   [EMA_Cross] -> hold (强度=0.00) 无明显信号
2026-06-24 01:09:28 | DEBUG    | strategy.combo:generate_signal:88 |   [Donchian_Breakout] -> buy (强度=0.30) 价格在通道上部(77%)
2026-06-24 01:09:28 | DEBUG    | strategy.combo:generate_signal:88 |   [MACD_Trend] -> hold (强度=0.00) MACD无明显信号
2026-06-24 01:09:28 | INFO     | risk.manager:_check_date_rollover:55 | 新交易日(2023-11-13), 重置日内风控统计
2026-06-24 01:09:28 | DEBUG    | strategy.combo:generate_signal:88 |   [EMA_Cross] -> hold (强度=0.00) 无明显信号
2026-06-24 01:09:28 | DEBUG    | strategy.combo:generate_signal:88 |   [Donchian_Breakout] -> buy (强度=0.30) 价格在通道上部(99%)
2026-06-24 01:09:28 | DEBUG    | strategy.combo:generate_signal:88 |   [MACD_Trend] -> hold (强度=0.00) MACD无明显信号
2026-06-24 01:09:28 | INFO     | risk.manager:_check_date_rollover:55 | 新交易日(2023-11-14), 重置日内风控统计
2026-06-24 01:09:28 | DEBUG    | strategy.combo:generate_signal:88 |   [EMA_Cross] -> hold (强度=0.00) 无明显信号
2026-06-24 01:09:28 | DEBUG    | strategy.combo:generate_signal:88 |   [Donchian_Breakout] -> buy (强度=0.30) 价格在通道上部(85%)
2026-06-24 01:09:28 | DEBUG    | strategy.combo:generate_signal:88 |   [MACD_Trend] -> hold (强度=0.00) MACD无明显信号
2026-06-24 01:09:28 | INFO     | risk.manager:_check_date_rollover:55 | 新交易日(2023-11-15), 重置日内风控统计
2026-06-24 01:09:28 | DEBUG    | strategy.combo:generate_signal:88 |   [EMA_Cross] -> hold (强度=0.00) 无明显信号
2026-06-24 01:09:28 | DEBUG    | strategy.combo:generate_signal:88 |   [Donchian_Breakout] -> buy (强度=0.30) 价格在通道上部(81%)
2026-06-24 01:09:28 | DEBUG    | strategy.combo:generate_signal:88 |   [MACD_Trend] -> sell (强度=0.50) 价格跌破MA60
2026-06-24 01:09:28 | INFO     | risk.manager:_check_date_rollover:55 | 新交易日(2023-11-16), 重置日内风控统计
2026-06-24 01:09:28 | DEBUG    | strategy.combo:generate_signal:88 |   [EMA_Cross] -> sell (强度=0.70) 价格跌破EMA60趋势线
2026-06-24 01:09:28 | DEBUG    | strategy.combo:generate_signal:88 |   [Donchian_Breakout] -> hold (强度=0.00) 价格在通道中部
2026-06-24 01:09:28 | DEBUG    | strategy.combo:generate_signal:88 |   [MACD_Trend] -> hold (强度=0.00) MACD无明显信号
2026-06-24 01:09:28 | INFO     | risk.manager:_check_date_rollover:55 | 新交易日(2023-11-17), 重置日内风控统计
2026-06-24 01:09:28 | DEBUG    | strategy.combo:generate_signal:88 |   [EMA_Cross] -> hold (强度=0.00) 无明显信号
2026-06-24 01:09:28 | DEBUG    | strategy.combo:generate_signal:88 |   [Donchian_Breakout] -> buy (强度=0.30) 价格在通道上部(88%)
2026-06-24 01:09:28 | DEBUG    | strategy.combo:generate_signal:88 |   [MACD_Trend] -> hold (强度=0.00) MACD无明显信号
2026-06-24 01:09:28 | INFO     | risk.manager:_check_date_rollover:55 | 新交易日(2023-11-20), 重置日内风控统计
2026-06-24 01:09:28 | DEBUG    | strategy.combo:generate_signal:88 |   [EMA_Cross] -> sell (强度=0.70) 价格跌破EMA60趋势线
2026-06-24 01:09:28 | DEBUG    | strategy.combo:generate_signal:88 |   [Donchian_Breakout] -> buy (强度=0.30) 价格在通道上部(74%)
2026-06-24 01:09:28 | DEBUG    | strategy.combo:generate_signal:88 |   [MACD_Trend] -> sell (强度=0.50) 价格跌破MA60
2026-06-24 01:09:28 | WARNING  | execution.simulator:sell:148 | [300308.SZ] T+1限制: 今日买入不可卖
2026-06-24 01:09:28 | INFO     | risk.manager:_check_date_rollover:55 | 新交易日(2023-11-21), 重置日内风控统计
2026-06-24 01:09:28 | DEBUG    | strategy.combo:generate_signal:88 |   [EMA_Cross] -> hold (强度=0.00) 无明显信号
2026-06-24 01:09:28 | DEBUG    | strategy.combo:generate_signal:88 |   [Donchian_Breakout] -> buy (强度=0.30) 价格在通道上部(79%)
2026-06-24 01:09:28 | DEBUG    | strategy.combo:generate_signal:88 |   [MACD_Trend] -> hold (强度=0.00) MACD无明显信号
2026-06-24 01:09:28 | INFO     | risk.manager:_check_date_rollover:55 | 新交易日(2023-11-22), 重置日内风控统计
2026-06-24 01:09:28 | DEBUG    | strategy.combo:generate_signal:88 |   [EMA_Cross] -> hold (强度=0.00) 无明显信号
2026-06-24 01:09:28 | DEBUG    | strategy.combo:generate_signal:88 |   [Donchian_Breakout] -> hold (强度=0.00) 价格在通道中部
2026-06-24 01:09:28 | DEBUG    | strategy.combo:generate_signal:88 |   [MACD_Trend] -> sell (强度=0.60) MACD柱状图连续缩短, 动能衰减
2026-06-24 01:09:28 | INFO     | risk.manager:_check_date_rollover:55 | 新交易日(2023-11-23), 重置日内风控统计
2026-06-24 01:09:28 | DEBUG    | strategy.combo:generate_signal:88 |   [EMA_Cross] -> hold (强度=0.00) 无明显信号
2026-06-24 01:09:28 | DEBUG    | strategy.combo:generate_signal:88 |   [Donchian_Breakout] -> hold (强度=0.00) 价格在通道中部
2026-06-24 01:09:28 | DEBUG    | strategy.combo:generate_signal:88 |   [MACD_Trend] -> sell (强度=0.60) MACD柱状图连续缩短, 动能衰减
2026-06-24 01:09:28 | INFO     | risk.manager:_check_date_rollover:55 | 新交易日(2023-11-24), 重置日内风控统计
2026-06-24 01:09:28 | DEBUG    | strategy.combo:generate_signal:88 |   [EMA_Cross] -> sell (强度=0.80) EMA死叉
2026-06-24 01:09:28 | DEBUG    | strategy.combo:generate_signal:88 |   [Donchian_Breakout] -> sell (强度=0.80) 跌破10日新低(94.95)
2026-06-24 01:09:28 | DEBUG    | strategy.combo:generate_signal:88 |   [MACD_Trend] -> sell (强度=0.60) MACD柱状图连续缩短, 动能衰减
2026-06-24 01:09:28 | WARNING  | execution.simulator:sell:148 | [300308.SZ] T+1限制: 今日买入不可卖
2026-06-24 01:09:28 | INFO     | risk.manager:_check_date_rollover:55 | 新交易日(2023-11-27), 重置日内风控统计
2026-06-24 01:09:28 | DEBUG    | strategy.combo:generate_signal:88 |   [EMA_Cross] -> hold (强度=0.00) 无明显信号
2026-06-24 01:09:28 | DEBUG    | strategy.combo:generate_signal:88 |   [Donchian_Breakout] -> hold (强度=0.00) 价格在通道中部
2026-06-24 01:09:28 | DEBUG    | strategy.combo:generate_signal:88 |   [MACD_Trend] -> sell (强度=0.80) MACD死叉, DIF=-0.078, DEA=0.001
2026-06-24 01:09:28 | INFO     | risk.manager:_check_date_rollover:55 | 新交易日(2023-11-28), 重置日内风控统计
2026-06-24 01:09:28 | DEBUG    | strategy.combo:generate_signal:88 |   [EMA_Cross] -> hold (强度=0.00) 无明显信号
2026-06-24 01:09:28 | DEBUG    | strategy.combo:generate_signal:88 |   [Donchian_Breakout] -> hold (强度=0.00) 价格在通道中部
2026-06-24 01:09:28 | DEBUG    | strategy.combo:generate_signal:88 |   [MACD_Trend] -> hold (强度=0.00) MACD无明显信号
2026-06-24 01:09:28 | INFO     | risk.manager:_check_date_rollover:55 | 新交易日(2023-11-29), 重置日内风控统计
2026-06-24 01:09:28 | DEBUG    | strategy.combo:generate_signal:88 |   [EMA_Cross] -> hold (强度=0.00) 无明显信号
2026-06-24 01:09:28 | DEBUG    | strategy.combo:generate_signal:88 |   [Donchian_Breakout] -> hold (强度=0.00) 价格在通道中部
2026-06-24 01:09:28 | DEBUG    | strategy.combo:generate_signal:88 |   [MACD_Trend] -> hold (强度=0.00) MACD无明显信号
2026-06-24 01:09:28 | INFO     | risk.manager:_check_date_rollover:55 | 新交易日(2023-11-30), 重置日内风控统计
2026-06-24 01:09:28 | DEBUG    | strategy.combo:generate_signal:88 |   [EMA_Cross] -> hold (强度=0.00) 无明显信号
2026-06-24 01:09:28 | DEBUG    | strategy.combo:generate_signal:88 |   [Donchian_Breakout] -> hold (强度=0.00) 价格在通道中部
2026-06-24 01:09:28 | DEBUG    | strategy.combo:generate_signal:88 |   [MACD_Trend] -> hold (强度=0.00) MACD无明显信号
2026-06-24 01:09:28 | INFO     | risk.manager:_check_date_rollover:55 | 新交易日(2023-12-01), 重置日内风控统计
2026-06-24 01:09:28 | DEBUG    | strategy.combo:generate_signal:88 |   [EMA_Cross] -> hold (强度=0.00) 无明显信号
2026-06-24 01:09:28 | DEBUG    | strategy.combo:generate_signal:88 |   [Donchian_Breakout] -> hold (强度=0.00) 价格在通道中部
2026-06-24 01:09:28 | DEBUG    | strategy.combo:generate_signal:88 |   [MACD_Trend] -> hold (强度=0.00) MACD无明显信号
2026-06-24 01:09:28 | INFO     | risk.manager:_check_date_rollover:55 | 新交易日(2023-12-04), 重置日内风控统计
2026-06-24 01:09:28 | DEBUG    | strategy.combo:generate_signal:88 |   [EMA_Cross] -> hold (强度=0.00) 无明显信号
2026-06-24 01:09:28 | DEBUG    | strategy.combo:generate_signal:88 |   [Donchian_Breakout] -> buy (强度=0.30) 价格在通道上部(71%)
2026-06-24 01:09:28 | DEBUG    | strategy.combo:generate_signal:88 |   [MACD_Trend] -> buy (强度=0.60) MACD金叉, DIF=-0.125, DEA=-0.323, 价格在MA60上方
2026-06-24 01:09:28 | INFO     | risk.manager:_check_date_rollover:55 | 新交易日(2023-12-05), 重置日内风控统计
2026-06-24 01:09:28 | DEBUG    | strategy.combo:generate_signal:88 |   [EMA_Cross] -> sell (强度=0.70) 价格跌破EMA60趋势线
2026-06-24 01:09:29 | DEBUG    | strategy.combo:generate_signal:88 |   [Donchian_Breakout] -> hold (强度=0.00) 价格在通道中部
2026-06-24 01:09:29 | DEBUG    | strategy.combo:generate_signal:88 |   [MACD_Trend] -> hold (强度=0.00) MACD无明显信号
2026-06-24 01:09:29 | INFO     | risk.manager:_check_date_rollover:55 | 新交易日(2023-12-06), 重置日内风控统计
2026-06-24 01:09:29 | DEBUG    | strategy.combo:generate_signal:88 |   [EMA_Cross] -> hold (强度=0.00) 无明显信号
2026-06-24 01:09:29 | DEBUG    | strategy.combo:generate_signal:88 |   [Donchian_Breakout] -> hold (强度=0.00) 价格在通道中部
2026-06-24 01:09:29 | DEBUG    | strategy.combo:generate_signal:88 |   [MACD_Trend] -> hold (强度=0.00) MACD无明显信号
2026-06-24 01:09:29 | INFO     | risk.manager:_check_date_rollover:55 | 新交易日(2023-12-07), 重置日内风控统计
2026-06-24 01:09:29 | DEBUG    | strategy.combo:generate_signal:88 |   [EMA_Cross] -> hold (强度=0.00) 无明显信号
2026-06-24 01:09:29 | DEBUG    | strategy.combo:generate_signal:88 |   [Donchian_Breakout] -> buy (强度=0.30) 价格在通道上部(73%)
2026-06-24 01:09:29 | DEBUG    | strategy.combo:generate_signal:88 |   [MACD_Trend] -> hold (强度=0.00) MACD无明显信号
2026-06-24 01:09:29 | INFO     | risk.manager:_check_date_rollover:55 | 新交易日(2023-12-08), 重置日内风控统计
2026-06-24 01:09:29 | DEBUG    | strategy.combo:generate_signal:88 |   [EMA_Cross] -> hold (强度=0.00) 无明显信号
2026-06-24 01:09:29 | DEBUG    | strategy.combo:generate_signal:88 |   [Donchian_Breakout] -> buy (强度=0.90) 突破20日新高(107.55), ATR=5.33
2026-06-24 01:09:29 | DEBUG    | strategy.combo:generate_signal:88 |   [MACD_Trend] -> buy (强度=0.50) MACD在零轴上方运行, 趋势向上
2026-06-24 01:09:29 | INFO     | risk.manager:_check_date_rollover:55 | 新交易日(2023-12-11), 重置日内风控统计
2026-06-24 01:09:29 | DEBUG    | strategy.combo:generate_signal:88 |   [EMA_Cross] -> hold (强度=0.00) 无明显信号
2026-06-24 01:09:29 | DEBUG    | strategy.combo:generate_signal:88 |   [Donchian_Breakout] -> buy (强度=0.30) 价格在通道上部(101%)
2026-06-24 01:09:29 | DEBUG    | strategy.combo:generate_signal:88 |   [MACD_Trend] -> buy (强度=0.50) MACD在零轴上方运行, 趋势向上
2026-06-24 01:09:29 | INFO     | risk.manager:_check_date_rollover:55 | 新交易日(2023-12-12), 重置日内风控统计
2026-06-24 01:09:29 | DEBUG    | strategy.combo:generate_signal:88 |   [EMA_Cross] -> hold (强度=0.00) 无明显信号
2026-06-24 01:09:29 | DEBUG    | strategy.combo:generate_signal:88 |   [Donchian_Breakout] -> buy (强度=0.30) 价格在通道上部(78%)
2026-06-24 01:09:29 | DEBUG    | strategy.combo:generate_signal:88 |   [MACD_Trend] -> buy (强度=0.50) MACD在零轴上方运行, 趋势向上
2026-06-24 01:09:29 | INFO     | risk.manager:_check_date_rollover:55 | 新交易日(2023-12-13), 重置日内风控统计
2026-06-24 01:09:29 | DEBUG    | strategy.combo:generate_signal:88 |   [EMA_Cross] -> hold (强度=0.00) 无明显信号
2026-06-24 01:09:29 | DEBUG    | strategy.combo:generate_signal:88 |   [Donchian_Breakout] -> buy (强度=0.30) 价格在通道上部(71%)
2026-06-24 01:09:29 | DEBUG    | strategy.combo:generate_signal:88 |   [MACD_Trend] -> buy (强度=0.50) MACD在零轴上方运行, 趋势向上
2026-06-24 01:09:29 | INFO     | risk.manager:_check_date_rollover:55 | 新交易日(2023-12-14), 重置日内风控统计
2026-06-24 01:09:29 | DEBUG    | strategy.combo:generate_signal:88 |   [EMA_Cross] -> hold (强度=0.00) 无明显信号
2026-06-24 01:09:29 | DEBUG    | strategy.combo:generate_signal:88 |   [Donchian_Breakout] -> hold (强度=0.00) 价格在通道中部
2026-06-24 01:09:29 | DEBUG    | strategy.combo:generate_signal:88 |   [MACD_Trend] -> buy (强度=0.50) MACD在零轴上方运行, 趋势向上
2026-06-24 01:09:29 | INFO     | risk.manager:_check_date_rollover:55 | 新交易日(2023-12-15), 重置日内风控统计
2026-06-24 01:09:29 | DEBUG    | strategy.combo:generate_signal:88 |   [EMA_Cross] -> buy (强度=0.40) EMA多头排列, 趋势向上
2026-06-24 01:09:29 | DEBUG    | strategy.combo:generate_signal:88 |   [Donchian_Breakout] -> hold (强度=0.00) 价格在通道中部
2026-06-24 01:09:29 | DEBUG    | strategy.combo:generate_signal:88 |   [MACD_Trend] -> buy (强度=0.50) MACD在零轴上方运行, 趋势向上
2026-06-24 01:09:29 | INFO     | risk.manager:_check_date_rollover:55 | 新交易日(2023-12-18), 重置日内风控统计
2026-06-24 01:09:29 | DEBUG    | strategy.combo:generate_signal:88 |   [EMA_Cross] -> buy (强度=0.40) EMA多头排列, 趋势向上
2026-06-24 01:09:29 | DEBUG    | strategy.combo:generate_signal:88 |   [Donchian_Breakout] -> buy (强度=0.30) 价格在通道上部(71%)
2026-06-24 01:09:29 | DEBUG    | strategy.combo:generate_signal:88 |   [MACD_Trend] -> buy (强度=0.50) MACD在零轴上方运行, 趋势向上
2026-06-24 01:09:29 | INFO     | risk.manager:_check_date_rollover:55 | 新交易日(2023-12-19), 重置日内风控统计
2026-06-24 01:09:29 | DEBUG    | strategy.combo:generate_signal:88 |   [EMA_Cross] -> buy (强度=0.40) EMA多头排列, 趋势向上
2026-06-24 01:09:29 | DEBUG    | strategy.combo:generate_signal:88 |   [Donchian_Breakout] -> buy (强度=0.30) 价格在通道上部(71%)
2026-06-24 01:09:29 | DEBUG    | strategy.combo:generate_signal:88 |   [MACD_Trend] -> buy (强度=0.50) MACD在零轴上方运行, 趋势向上
2026-06-24 01:09:29 | INFO     | risk.manager:_check_date_rollover:55 | 新交易日(2023-12-20), 重置日内风控统计
2026-06-24 01:09:29 | DEBUG    | strategy.combo:generate_signal:88 |   [EMA_Cross] -> buy (强度=0.40) EMA多头排列, 趋势向上
2026-06-24 01:09:29 | DEBUG    | strategy.combo:generate_signal:88 |   [Donchian_Breakout] -> hold (强度=0.00) 价格在通道中部
2026-06-24 01:09:29 | DEBUG    | strategy.combo:generate_signal:88 |   [MACD_Trend] -> buy (强度=0.50) MACD在零轴上方运行, 趋势向上
2026-06-24 01:09:29 | INFO     | risk.manager:_check_date_rollover:55 | 新交易日(2023-12-21), 重置日内风控统计
2026-06-24 01:09:29 | DEBUG    | strategy.combo:generate_signal:88 |   [EMA_Cross] -> buy (强度=0.40) EMA多头排列, 趋势向上
2026-06-24 01:09:29 | DEBUG    | strategy.combo:generate_signal:88 |   [Donchian_Breakout] -> buy (强度=0.30) 价格在通道上部(74%)
2026-06-24 01:09:29 | DEBUG    | strategy.combo:generate_signal:88 |   [MACD_Trend] -> buy (强度=0.50) MACD在零轴上方运行, 趋势向上
2026-06-24 01:09:29 | INFO     | risk.manager:_check_date_rollover:55 | 新交易日(2023-12-22), 重置日内风控统计
2026-06-24 01:09:29 | DEBUG    | strategy.combo:generate_signal:88 |   [EMA_Cross] -> buy (强度=0.40) EMA多头排列, 趋势向上
2026-06-24 01:09:29 | DEBUG    | strategy.combo:generate_signal:88 |   [Donchian_Breakout] -> hold (强度=0.00) 价格在通道中部
2026-06-24 01:09:29 | DEBUG    | strategy.combo:generate_signal:88 |   [MACD_Trend] -> buy (强度=0.50) MACD在零轴上方运行, 趋势向上
2026-06-24 01:09:29 | INFO     | risk.manager:_check_date_rollover:55 | 新交易日(2023-12-25), 重置日内风控统计
2026-06-24 01:09:29 | DEBUG    | strategy.combo:generate_signal:88 |   [EMA_Cross] -> buy (强度=0.40) EMA多头排列, 趋势向上
2026-06-24 01:09:29 | DEBUG    | strategy.combo:generate_signal:88 |   [Donchian_Breakout] -> hold (强度=0.00) 价格在通道中部
2026-06-24 01:09:29 | DEBUG    | strategy.combo:generate_signal:88 |   [MACD_Trend] -> sell (强度=0.80) MACD死叉, DIF=3.168, DEA=3.294
2026-06-24 01:09:29 | INFO     | risk.manager:_check_date_rollover:55 | 新交易日(2023-12-26), 重置日内风控统计
2026-06-24 01:09:29 | DEBUG    | strategy.combo:generate_signal:88 |   [EMA_Cross] -> buy (强度=0.40) EMA多头排列, 趋势向上
2026-06-24 01:09:29 | DEBUG    | strategy.combo:generate_signal:88 |   [Donchian_Breakout] -> sell (强度=0.80) 跌破10日新低(106.49)
2026-06-24 01:09:29 | DEBUG    | strategy.combo:generate_signal:88 |   [MACD_Trend] -> hold (强度=0.00) MACD无明显信号
2026-06-24 01:09:29 | INFO     | risk.manager:_check_date_rollover:55 | 新交易日(2023-12-27), 重置日内风控统计
2026-06-24 01:09:29 | DEBUG    | strategy.combo:generate_signal:88 |   [EMA_Cross] -> buy (强度=0.40) EMA多头排列, 趋势向上
2026-06-24 01:09:29 | DEBUG    | strategy.combo:generate_signal:88 |   [Donchian_Breakout] -> hold (强度=0.00) 价格在通道中部
2026-06-24 01:09:29 | DEBUG    | strategy.combo:generate_signal:88 |   [MACD_Trend] -> hold (强度=0.00) MACD无明显信号
2026-06-24 01:09:29 | INFO     | risk.manager:_check_date_rollover:55 | 新交易日(2023-12-28), 重置日内风控统计
2026-06-24 01:09:29 | DEBUG    | strategy.combo:generate_signal:88 |   [EMA_Cross] -> buy (强度=0.40) EMA多头排列, 趋势向上
2026-06-24 01:09:29 | DEBUG    | strategy.combo:generate_signal:88 |   [Donchian_Breakout] -> hold (强度=0.00) 价格在通道中部
2026-06-24 01:09:29 | DEBUG    | strategy.combo:generate_signal:88 |   [MACD_Trend] -> hold (强度=0.00) MACD无明显信号
2026-06-24 01:09:29 | INFO     | risk.manager:_check_date_rollover:55 | 新交易日(2023-12-29), 重置日内风控统计
2026-06-24 01:09:29 | DEBUG    | strategy.combo:generate_signal:88 |   [EMA_Cross] -> buy (强度=0.40) EMA多头排列, 趋势向上
2026-06-24 01:09:29 | DEBUG    | strategy.combo:generate_signal:88 |   [Donchian_Breakout] -> hold (强度=0.00) 价格在通道中部
2026-06-24 01:09:29 | DEBUG    | strategy.combo:generate_signal:88 |   [MACD_Trend] -> hold (强度=0.00) MACD无明显信号
2026-06-24 01:09:29 | INFO     | risk.manager:_check_date_rollover:55 | 新交易日(2024-01-02), 重置日内风控统计
2026-06-24 01:09:29 | DEBUG    | strategy.combo:generate_signal:88 |   [EMA_Cross] -> buy (强度=0.40) EMA多头排列, 趋势向上
2026-06-24 01:09:29 | DEBUG    | strategy.combo:generate_signal:88 |   [Donchian_Breakout] -> hold (强度=0.00) 价格在通道中部
2026-06-24 01:09:29 | DEBUG    | strategy.combo:generate_signal:88 |   [MACD_Trend] -> hold (强度=0.00) MACD无明显信号
2026-06-24 01:09:29 | INFO     | risk.manager:_check_date_rollover:55 | 新交易日(2024-01-03), 重置日内风控统计
2026-06-24 01:09:29 | DEBUG    | strategy.combo:generate_signal:88 |   [EMA_Cross] -> sell (强度=0.70) 价格跌破EMA60趋势线
2026-06-24 01:09:29 | DEBUG    | strategy.combo:generate_signal:88 |   [Donchian_Breakout] -> sell (强度=0.80) 跌破10日新低(104.67)
2026-06-24 01:09:29 | DEBUG    | strategy.combo:generate_signal:88 |   [MACD_Trend] -> hold (强度=0.00) MACD无明显信号
2026-06-24 01:09:29 | WARNING  | execution.simulator:sell:148 | [300308.SZ] T+1限制: 今日买入不可卖
2026-06-24 01:09:29 | INFO     | risk.manager:_check_date_rollover:55 | 新交易日(2024-01-04), 重置日内风控统计
2026-06-24 01:09:29 | DEBUG    | strategy.combo:generate_signal:88 |   [EMA_Cross] -> hold (强度=0.00) 无明显信号
2026-06-24 01:09:29 | DEBUG    | strategy.combo:generate_signal:88 |   [Donchian_Breakout] -> sell (强度=0.80) 跌破10日新低(103.96)
2026-06-24 01:09:29 | DEBUG    | strategy.combo:generate_signal:88 |   [MACD_Trend] -> hold (强度=0.00) MACD无明显信号
2026-06-24 01:09:29 | INFO     | risk.manager:_check_date_rollover:55 | 新交易日(2024-01-05), 重置日内风控统计
2026-06-24 01:09:29 | DEBUG    | strategy.combo:generate_signal:88 |   [EMA_Cross] -> hold (强度=0.00) 无明显信号
2026-06-24 01:09:29 | DEBUG    | strategy.combo:generate_signal:88 |   [Donchian_Breakout] -> sell (强度=0.80) 跌破10日新低(101.45)
2026-06-24 01:09:29 | DEBUG    | strategy.combo:generate_signal:88 |   [MACD_Trend] -> sell (强度=0.50) 价格跌破MA60
2026-06-24 01:09:29 | WARNING  | execution.simulator:sell:148 | [300308.SZ] T+1限制: 今日买入不可卖
2026-06-24 01:09:29 | INFO     | risk.manager:_check_date_rollover:55 | 新交易日(2024-01-08), 重置日内风控统计
2026-06-24 01:09:29 | DEBUG    | strategy.combo:generate_signal:88 |   [EMA_Cross] -> sell (强度=0.80) EMA死叉
2026-06-24 01:09:29 | DEBUG    | strategy.combo:generate_signal:88 |   [Donchian_Breakout] -> sell (强度=0.80) 跌破10日新低(98.32)
2026-06-24 01:09:29 | DEBUG    | strategy.combo:generate_signal:88 |   [MACD_Trend] -> hold (强度=0.00) MACD无明显信号
2026-06-24 01:09:29 | WARNING  | execution.simulator:sell:148 | [300308.SZ] T+1限制: 今日买入不可卖
2026-06-24 01:09:29 | INFO     | risk.manager:_check_date_rollover:55 | 新交易日(2024-01-09), 重置日内风控统计
2026-06-24 01:09:29 | DEBUG    | strategy.combo:generate_signal:88 |   [EMA_Cross] -> hold (强度=0.00) 无明显信号
2026-06-24 01:09:29 | DEBUG    | strategy.combo:generate_signal:88 |   [Donchian_Breakout] -> hold (强度=0.00) 价格在通道中部
2026-06-24 01:09:29 | DEBUG    | strategy.combo:generate_signal:88 |   [MACD_Trend] -> hold (强度=0.00) MACD无明显信号
2026-06-24 01:09:29 | INFO     | risk.manager:_check_date_rollover:55 | 新交易日(2024-01-10), 重置日内风控统计
2026-06-24 01:09:29 | DEBUG    | strategy.combo:generate_signal:88 |   [EMA_Cross] -> hold (强度=0.00) 无明显信号
2026-06-24 01:09:29 | DEBUG    | strategy.combo:generate_signal:88 |   [Donchian_Breakout] -> hold (强度=0.00) 价格在通道中部
2026-06-24 01:09:29 | DEBUG    | strategy.combo:generate_signal:88 |   [MACD_Trend] -> hold (强度=0.00) MACD无明显信号
2026-06-24 01:09:29 | INFO     | risk.manager:_check_date_rollover:55 | 新交易日(2024-01-11), 重置日内风控统计
2026-06-24 01:09:29 | DEBUG    | strategy.combo:generate_signal:88 |   [EMA_Cross] -> hold (强度=0.00) 无明显信号
2026-06-24 01:09:29 | DEBUG    | strategy.combo:generate_signal:88 |   [Donchian_Breakout] -> hold (强度=0.00) 价格在通道中部
2026-06-24 01:09:29 | DEBUG    | strategy.combo:generate_signal:88 |   [MACD_Trend] -> hold (强度=0.00) MACD无明显信号
2026-06-24 01:09:29 | INFO     | risk.manager:_check_date_rollover:55 | 新交易日(2024-01-12), 重置日内风控统计
2026-06-24 01:09:29 | DEBUG    | strategy.combo:generate_signal:88 |   [EMA_Cross] -> hold (强度=0.00) 无明显信号
2026-06-24 01:09:29 | DEBUG    | strategy.combo:generate_signal:88 |   [Donchian_Breakout] -> hold (强度=0.00) 价格在通道中部
2026-06-24 01:09:29 | DEBUG    | strategy.combo:generate_signal:88 |   [MACD_Trend] -> sell (强度=0.50) 价格跌破MA60
2026-06-24 01:09:29 | INFO     | risk.manager:_check_date_rollover:55 | 新交易日(2024-01-15), 重置日内风控统计
2026-06-24 01:09:29 | DEBUG    | strategy.combo:generate_signal:88 |   [EMA_Cross] -> hold (强度=0.00) 无明显信号
2026-06-24 01:09:29 | DEBUG    | strategy.combo:generate_signal:88 |   [Donchian_Breakout] -> hold (强度=0.00) 价格在通道中部
2026-06-24 01:09:29 | DEBUG    | strategy.combo:generate_signal:88 |   [MACD_Trend] -> hold (强度=0.00) MACD无明显信号
2026-06-24 01:09:29 | INFO     | risk.manager:_check_date_rollover:55 | 新交易日(2024-01-16), 重置日内风控统计
2026-06-24 01:09:29 | DEBUG    | strategy.combo:generate_signal:88 |   [EMA_Cross] -> hold (强度=0.00) 无明显信号
2026-06-24 01:09:29 | DEBUG    | strategy.combo:generate_signal:88 |   [Donchian_Breakout] -> hold (强度=0.00) 价格在通道中部
2026-06-24 01:09:29 | DEBUG    | strategy.combo:generate_signal:88 |   [MACD_Trend] -> hold (强度=0.00) MACD无明显信号
2026-06-24 01:09:29 | INFO     | risk.manager:_check_date_rollover:55 | 新交易日(2024-01-17), 重置日内风控统计
2026-06-24 01:09:29 | DEBUG    | strategy.combo:generate_signal:88 |   [EMA_Cross] -> hold (强度=0.00) 无明显信号
2026-06-24 01:09:29 | DEBUG    | strategy.combo:generate_signal:88 |   [Donchian_Breakout] -> hold (强度=0.00) 价格在通道中部
2026-06-24 01:09:29 | DEBUG    | strategy.combo:generate_signal:88 |   [MACD_Trend] -> hold (强度=0.00) MACD无明显信号
2026-06-24 01:09:29 | INFO     | risk.manager:_check_date_rollover:55 | 新交易日(2024-01-18), 重置日内风控统计
2026-06-24 01:09:29 | DEBUG    | strategy.combo:generate_signal:88 |   [EMA_Cross] -> hold (强度=0.00) 无明显信号
2026-06-24 01:09:29 | DEBUG    | strategy.combo:generate_signal:88 |   [Donchian_Breakout] -> hold (强度=0.00) 价格在通道中部
2026-06-24 01:09:29 | DEBUG    | strategy.combo:generate_signal:88 |   [MACD_Trend] -> hold (强度=0.00) MACD无明显信号
2026-06-24 01:09:29 | INFO     | risk.manager:_check_date_rollover:55 | 新交易日(2024-01-19), 重置日内风控统计
2026-06-24 01:09:29 | DEBUG    | strategy.combo:generate_signal:88 |   [EMA_Cross] -> hold (强度=0.00) 无明显信号
2026-06-24 01:09:29 | DEBUG    | strategy.combo:generate_signal:88 |   [Donchian_Breakout] -> hold (强度=0.00) 价格在通道中部
2026-06-24 01:09:29 | DEBUG    | strategy.combo:generate_signal:88 |   [MACD_Trend] -> buy (强度=0.60) MACD金叉, DIF=-0.365, DEA=-0.808, 价格在MA60上方
2026-06-24 01:09:29 | INFO     | risk.manager:_check_date_rollover:55 | 新交易日(2024-01-22), 重置日内风控统计
2026-06-24 01:09:29 | DEBUG    | strategy.combo:generate_signal:88 |   [EMA_Cross] -> buy (强度=0.40) EMA多头排列, 趋势向上
2026-06-24 01:09:29 | DEBUG    | strategy.combo:generate_signal:88 |   [Donchian_Breakout] -> buy (强度=0.30) 价格在通道上部(77%)
2026-06-24 01:09:29 | DEBUG    | strategy.combo:generate_signal:88 |   [MACD_Trend] -> hold (强度=0.00) MACD无明显信号
2026-06-24 01:09:29 | INFO     | risk.manager:_check_date_rollover:55 | 新交易日(2024-01-23), 重置日内风控统计
2026-06-24 01:09:29 | DEBUG    | strategy.combo:generate_signal:88 |   [EMA_Cross] -> buy (强度=0.40) EMA多头排列, 趋势向上
2026-06-24 01:09:29 | DEBUG    | strategy.combo:generate_signal:88 |   [Donchian_Breakout] -> buy (强度=0.30) 价格在通道上部(87%)
2026-06-24 01:09:29 | DEBUG    | strategy.combo:generate_signal:88 |   [MACD_Trend] -> hold (强度=0.00) MACD无明显信号
2026-06-24 01:09:29 | INFO     | risk.manager:_check_date_rollover:55 | 新交易日(2024-01-24), 重置日内风控统计
2026-06-24 01:09:29 | DEBUG    | strategy.combo:generate_signal:88 |   [EMA_Cross] -> buy (强度=0.40) EMA多头排列, 趋势向上
2026-06-24 01:09:29 | DEBUG    | strategy.combo:generate_signal:88 |   [Donchian_Breakout] -> buy (强度=0.30) 价格在通道上部(83%)
2026-06-24 01:09:29 | DEBUG    | strategy.combo:generate_signal:88 |   [MACD_Trend] -> buy (强度=0.50) MACD在零轴上方运行, 趋势向上
2026-06-24 01:09:29 | INFO     | risk.manager:_check_date_rollover:55 | 新交易日(2024-01-25), 重置日内风控统计
2026-06-24 01:09:29 | DEBUG    | strategy.combo:generate_signal:88 |   [EMA_Cross] -> buy (强度=0.40) EMA多头排列, 趋势向上
2026-06-24 01:09:29 | DEBUG    | strategy.combo:generate_signal:88 |   [Donchian_Breakout] -> buy (强度=0.30) 价格在通道上部(105%)
2026-06-24 01:09:29 | DEBUG    | strategy.combo:generate_signal:88 |   [MACD_Trend] -> buy (强度=0.50) MACD在零轴上方运行, 趋势向上
2026-06-24 01:09:29 | INFO     | risk.manager:_check_date_rollover:55 | 新交易日(2024-01-26), 重置日内风控统计
2026-06-24 01:09:29 | DEBUG    | strategy.combo:generate_signal:88 |   [EMA_Cross] -> buy (强度=0.40) EMA多头排列, 趋势向上
2026-06-24 01:09:29 | DEBUG    | strategy.combo:generate_signal:88 |   [Donchian_Breakout] -> buy (强度=0.30) 价格在通道上部(86%)
2026-06-24 01:09:29 | DEBUG    | strategy.combo:generate_signal:88 |   [MACD_Trend] -> buy (强度=0.50) MACD在零轴上方运行, 趋势向上
2026-06-24 01:09:29 | INFO     | risk.manager:_check_date_rollover:55 | 新交易日(2024-01-29), 重置日内风控统计
2026-06-24 01:09:29 | DEBUG    | strategy.combo:generate_signal:88 |   [EMA_Cross] -> sell (强度=0.70) 价格跌破EMA60趋势线
2026-06-24 01:09:29 | DEBUG    | strategy.combo:generate_signal:88 |   [Donchian_Breakout] -> hold (强度=0.00) 价格在通道中部
2026-06-24 01:09:29 | DEBUG    | strategy.combo:generate_signal:88 |   [MACD_Trend] -> sell (强度=0.50) 价格跌破MA60
2026-06-24 01:09:29 | WARNING  | execution.simulator:sell:148 | [300308.SZ] T+1限制: 今日买入不可卖
2026-06-24 01:09:29 | INFO     | risk.manager:_check_date_rollover:55 | 新交易日(2024-01-30), 重置日内风控统计
2026-06-24 01:09:29 | DEBUG    | strategy.combo:generate_signal:88 |   [EMA_Cross] -> hold (强度=0.00) 无明显信号
2026-06-24 01:09:29 | DEBUG    | strategy.combo:generate_signal:88 |   [Donchian_Breakout] -> hold (强度=0.00) 价格在通道中部
2026-06-24 01:09:29 | DEBUG    | strategy.combo:generate_signal:88 |   [MACD_Trend] -> sell (强度=0.80) MACD死叉, DIF=0.894, DEA=0.967
2026-06-24 01:09:29 | INFO     | risk.manager:_check_date_rollover:55 | 新交易日(2024-01-31), 重置日内风控统计
2026-06-24 01:09:29 | DEBUG    | strategy.combo:generate_signal:88 |   [EMA_Cross] -> hold (强度=0.00) 无明显信号
2026-06-24 01:09:29 | DEBUG    | strategy.combo:generate_signal:88 |   [Donchian_Breakout] -> hold (强度=0.00) 价格在通道中部
2026-06-24 01:09:29 | DEBUG    | strategy.combo:generate_signal:88 |   [MACD_Trend] -> hold (强度=0.00) MACD无明显信号
2026-06-24 01:09:29 | INFO     | risk.manager:_check_date_rollover:55 | 新交易日(2024-02-01), 重置日内风控统计
2026-06-24 01:09:29 | DEBUG    | strategy.combo:generate_signal:88 |   [EMA_Cross] -> buy (强度=0.40) EMA多头排列, 趋势向上
2026-06-24 01:09:29 | DEBUG    | strategy.combo:generate_signal:88 |   [Donchian_Breakout] -> hold (强度=0.00) 价格在通道中部
2026-06-24 01:09:29 | DEBUG    | strategy.combo:generate_signal:88 |   [MACD_Trend] -> hold (强度=0.00) MACD无明显信号
2026-06-24 01:09:29 | INFO     | risk.manager:_check_date_rollover:55 | 新交易日(2024-02-02), 重置日内风控统计
2026-06-24 01:09:29 | DEBUG    | strategy.combo:generate_signal:88 |   [EMA_Cross] -> buy (强度=0.40) EMA多头排列, 趋势向上
2026-06-24 01:09:29 | DEBUG    | strategy.combo:generate_signal:88 |   [Donchian_Breakout] -> hold (强度=0.00) 价格在通道中部
2026-06-24 01:09:29 | DEBUG    | strategy.combo:generate_signal:88 |   [MACD_Trend] -> hold (强度=0.00) MACD无明显信号
2026-06-24 01:09:29 | INFO     | risk.manager:_check_date_rollover:55 | 新交易日(2024-02-05), 重置日内风控统计
2026-06-24 01:09:29 | DEBUG    | strategy.combo:generate_signal:88 |   [EMA_Cross] -> buy (强度=0.40) EMA多头排列, 趋势向上
2026-06-24 01:09:29 | DEBUG    | strategy.combo:generate_signal:88 |   [Donchian_Breakout] -> hold (强度=0.00) 价格在通道中部
2026-06-24 01:09:29 | DEBUG    | strategy.combo:generate_signal:88 |   [MACD_Trend] -> buy (强度=0.85) MACD金叉, DIF=0.992, DEA=0.839, 价格在MA60上方
2026-06-24 01:09:29 | INFO     | risk.manager:_check_date_rollover:55 | 新交易日(2024-02-06), 重置日内风控统计
2026-06-24 01:09:29 | DEBUG    | strategy.combo:generate_signal:88 |   [EMA_Cross] -> buy (强度=0.40) EMA多头排列, 趋势向上
2026-06-24 01:09:29 | DEBUG    | strategy.combo:generate_signal:88 |   [Donchian_Breakout] -> buy (强度=0.90) 突破20日新高(118.14), ATR=7.40
2026-06-24 01:09:29 | DEBUG    | strategy.combo:generate_signal:88 |   [MACD_Trend] -> buy (强度=0.50) MACD在零轴上方运行, 趋势向上
2026-06-24 01:09:29 | INFO     | risk.manager:_check_date_rollover:55 | 新交易日(2024-02-07), 重置日内风控统计
2026-06-24 01:09:29 | DEBUG    | strategy.combo:generate_signal:88 |   [EMA_Cross] -> buy (强度=0.40) EMA多头排列, 趋势向上
2026-06-24 01:09:29 | DEBUG    | strategy.combo:generate_signal:88 |   [Donchian_Breakout] -> buy (强度=0.30) 价格在通道上部(99%)
2026-06-24 01:09:29 | DEBUG    | strategy.combo:generate_signal:88 |   [MACD_Trend] -> buy (强度=0.50) MACD在零轴上方运行, 趋势向上
2026-06-24 01:09:29 | INFO     | risk.manager:_check_date_rollover:55 | 新交易日(2024-02-08), 重置日内风控统计
2026-06-24 01:09:29 | DEBUG    | strategy.combo:generate_signal:88 |   [EMA_Cross] -> buy (强度=0.40) EMA多头排列, 趋势向上
2026-06-24 01:09:29 | DEBUG    | strategy.combo:generate_signal:88 |   [Donchian_Breakout] -> buy (强度=0.30) 价格在通道上部(103%)
2026-06-24 01:09:29 | DEBUG    | strategy.combo:generate_signal:88 |   [MACD_Trend] -> buy (强度=0.50) MACD在零轴上方运行, 趋势向上
2026-06-24 01:09:29 | INFO     | risk.manager:_check_date_rollover:55 | 新交易日(2024-02-19), 重置日内风控统计
2026-06-24 01:09:29 | DEBUG    | strategy.combo:generate_signal:88 |   [EMA_Cross] -> buy (强度=0.40) EMA多头排列, 趋势向上
2026-06-24 01:09:29 | DEBUG    | strategy.combo:generate_signal:88 |   [Donchian_Breakout] -> buy (强度=0.90) 突破20日新高(135.78), ATR=8.86
2026-06-24 01:09:29 | DEBUG    | strategy.combo:generate_signal:88 |   [MACD_Trend] -> buy (强度=0.50) MACD在零轴上方运行, 趋势向上
2026-06-24 01:09:29 | INFO     | risk.manager:_check_date_rollover:55 | 新交易日(2024-02-20), 重置日内风控统计
2026-06-24 01:09:29 | DEBUG    | strategy.combo:generate_signal:88 |   [EMA_Cross] -> buy (强度=0.40) EMA多头排列, 趋势向上
2026-06-24 01:09:29 | DEBUG    | strategy.combo:generate_signal:88 |   [Donchian_Breakout] -> buy (强度=0.90) 突破20日新高(151.05), ATR=9.24
2026-06-24 01:09:29 | DEBUG    | strategy.combo:generate_signal:88 |   [MACD_Trend] -> buy (强度=0.50) MACD在零轴上方运行, 趋势向上
2026-06-24 01:09:29 | INFO     | risk.manager:_check_date_rollover:55 | 新交易日(2024-02-21), 重置日内风控统计
2026-06-24 01:09:29 | DEBUG    | strategy.combo:generate_signal:88 |   [EMA_Cross] -> buy (强度=0.40) EMA多头排列, 趋势向上
2026-06-24 01:09:29 | DEBUG    | strategy.combo:generate_signal:88 |   [Donchian_Breakout] -> buy (强度=0.30) 价格在通道上部(80%)
2026-06-24 01:09:29 | DEBUG    | strategy.combo:generate_signal:88 |   [MACD_Trend] -> buy (强度=0.50) MACD在零轴上方运行, 趋势向上
2026-06-24 01:09:29 | INFO     | risk.manager:_check_date_rollover:55 | 新交易日(2024-02-22), 重置日内风控统计
2026-06-24 01:09:29 | DEBUG    | strategy.combo:generate_signal:88 |   [EMA_Cross] -> buy (强度=0.40) EMA多头排列, 趋势向上
2026-06-24 01:09:29 | DEBUG    | strategy.combo:generate_signal:88 |   [Donchian_Breakout] -> buy (强度=0.30) 价格在通道上部(87%)
2026-06-24 01:09:29 | DEBUG    | strategy.combo:generate_signal:88 |   [MACD_Trend] -> buy (强度=0.50) MACD在零轴上方运行, 趋势向上
2026-06-24 01:09:29 | INFO     | risk.manager:_check_date_rollover:55 | 新交易日(2024-02-23), 重置日内风控统计
2026-06-24 01:09:29 | DEBUG    | strategy.combo:generate_signal:88 |   [EMA_Cross] -> buy (强度=0.40) EMA多头排列, 趋势向上
2026-06-24 01:09:29 | DEBUG    | strategy.combo:generate_signal:88 |   [Donchian_Breakout] -> buy (强度=0.30) 价格在通道上部(77%)
2026-06-24 01:09:29 | DEBUG    | strategy.combo:generate_signal:88 |   [MACD_Trend] -> buy (强度=0.50) MACD在零轴上方运行, 趋势向上
2026-06-24 01:09:29 | INFO     | risk.manager:_check_date_rollover:55 | 新交易日(2024-02-26), 重置日内风控统计
2026-06-24 01:09:29 | DEBUG    | strategy.combo:generate_signal:88 |   [EMA_Cross] -> buy (强度=0.40) EMA多头排列, 趋势向上
2026-06-24 01:09:29 | DEBUG    | strategy.combo:generate_signal:88 |   [Donchian_Breakout] -> buy (强度=0.30) 价格在通道上部(79%)
2026-06-24 01:09:29 | DEBUG    | strategy.combo:generate_signal:88 |   [MACD_Trend] -> buy (强度=0.50) MACD在零轴上方运行, 趋势向上
2026-06-24 01:09:29 | INFO     | risk.manager:_check_date_rollover:55 | 新交易日(2024-02-27), 重置日内风控统计
2026-06-24 01:09:29 | DEBUG    | strategy.combo:generate_signal:88 |   [EMA_Cross] -> buy (强度=0.40) EMA多头排列, 趋势向上
2026-06-24 01:09:29 | DEBUG    | strategy.combo:generate_signal:88 |   [Donchian_Breakout] -> buy (强度=0.30) 价格在通道上部(98%)
2026-06-24 01:09:29 | DEBUG    | strategy.combo:generate_signal:88 |   [MACD_Trend] -> buy (强度=0.50) MACD在零轴上方运行, 趋势向上
2026-06-24 01:09:29 | INFO     | risk.manager:_check_date_rollover:55 | 新交易日(2024-02-28), 重置日内风控统计
2026-06-24 01:09:29 | DEBUG    | strategy.combo:generate_signal:88 |   [EMA_Cross] -> buy (强度=0.40) EMA多头排列, 趋势向上
2026-06-24 01:09:29 | DEBUG    | strategy.combo:generate_signal:88 |   [Donchian_Breakout] -> buy (强度=0.30) 价格在通道上部(78%)
2026-06-24 01:09:29 | DEBUG    | strategy.combo:generate_signal:88 |   [MACD_Trend] -> buy (强度=0.50) MACD在零轴上方运行, 趋势向上
2026-06-24 01:09:29 | INFO     | risk.manager:_check_date_rollover:55 | 新交易日(2024-02-29), 重置日内风控统计
2026-06-24 01:09:29 | DEBUG    | strategy.combo:generate_signal:88 |   [EMA_Cross] -> buy (强度=0.40) EMA多头排列, 趋势向上
2026-06-24 01:09:29 | DEBUG    | strategy.combo:generate_signal:88 |   [Donchian_Breakout] -> buy (强度=0.30) 价格在通道上部(86%)
2026-06-24 01:09:29 | DEBUG    | strategy.combo:generate_signal:88 |   [MACD_Trend] -> buy (强度=0.50) MACD在零轴上方运行, 趋势向上
2026-06-24 01:09:29 | INFO     | risk.manager:_check_date_rollover:55 | 新交易日(2024-03-01), 重置日内风控统计
2026-06-24 01:09:29 | DEBUG    | strategy.combo:generate_signal:88 |   [EMA_Cross] -> buy (强度=0.40) EMA多头排列, 趋势向上
2026-06-24 01:09:29 | DEBUG    | strategy.combo:generate_signal:88 |   [Donchian_Breakout] -> buy (强度=0.30) 价格在通道上部(95%)
2026-06-24 01:09:29 | DEBUG    | strategy.combo:generate_signal:88 |   [MACD_Trend] -> buy (强度=0.50) MACD在零轴上方运行, 趋势向上
2026-06-24 01:09:29 | INFO     | risk.manager:_check_date_rollover:55 | 新交易日(2024-03-04), 重置日内风控统计
2026-06-24 01:09:29 | DEBUG    | strategy.combo:generate_signal:88 |   [EMA_Cross] -> buy (强度=0.40) EMA多头排列, 趋势向上
2026-06-24 01:09:29 | DEBUG    | strategy.combo:generate_signal:88 |   [Donchian_Breakout] -> buy (强度=0.30) 价格在通道上部(101%)
2026-06-24 01:09:29 | DEBUG    | strategy.combo:generate_signal:88 |   [MACD_Trend] -> buy (强度=0.50) MACD在零轴上方运行, 趋势向上
2026-06-24 01:09:29 | INFO     | risk.manager:_check_date_rollover:55 | 新交易日(2024-03-05), 重置日内风控统计
2026-06-24 01:09:29 | DEBUG    | strategy.combo:generate_signal:88 |   [EMA_Cross] -> buy (强度=0.40) EMA多头排列, 趋势向上
2026-06-24 01:09:29 | DEBUG    | strategy.combo:generate_signal:88 |   [Donchian_Breakout] -> buy (强度=0.30) 价格在通道上部(98%)
2026-06-24 01:09:29 | DEBUG    | strategy.combo:generate_signal:88 |   [MACD_Trend] -> buy (强度=0.50) MACD在零轴上方运行, 趋势向上
2026-06-24 01:09:29 | INFO     | risk.manager:_check_date_rollover:55 | 新交易日(2024-03-06), 重置日内风控统计
2026-06-24 01:09:29 | DEBUG    | strategy.combo:generate_signal:88 |   [EMA_Cross] -> buy (强度=0.40) EMA多头排列, 趋势向上
2026-06-24 01:09:29 | DEBUG    | strategy.combo:generate_signal:88 |   [Donchian_Breakout] -> buy (强度=0.30) 价格在通道上部(84%)
2026-06-24 01:09:29 | DEBUG    | strategy.combo:generate_signal:88 |   [MACD_Trend] -> buy (强度=0.50) MACD在零轴上方运行, 趋势向上
2026-06-24 01:09:29 | INFO     | risk.manager:_check_date_rollover:55 | 新交易日(2024-03-07), 重置日内风控统计
2026-06-24 01:09:29 | DEBUG    | strategy.combo:generate_signal:88 |   [EMA_Cross] -> buy (强度=0.40) EMA多头排列, 趋势向上
2026-06-24 01:09:29 | DEBUG    | strategy.combo:generate_signal:88 |   [Donchian_Breakout] -> buy (强度=0.30) 价格在通道上部(81%)
2026-06-24 01:09:29 | DEBUG    | strategy.combo:generate_signal:88 |   [MACD_Trend] -> buy (强度=0.50) MACD在零轴上方运行, 趋势向上
2026-06-24 01:09:29 | INFO     | risk.manager:_check_date_rollover:55 | 新交易日(2024-03-08), 重置日内风控统计
2026-06-24 01:09:29 | DEBUG    | strategy.combo:generate_signal:88 |   [EMA_Cross] -> buy (强度=0.40) EMA多头排列, 趋势向上
2026-06-24 01:09:29 | DEBUG    | strategy.combo:generate_signal:88 |   [Donchian_Breakout] -> buy (强度=0.30) 价格在通道上部(94%)
2026-06-24 01:09:29 | DEBUG    | strategy.combo:generate_signal:88 |   [MACD_Trend] -> buy (强度=0.50) MACD在零轴上方运行, 趋势向上
2026-06-24 01:09:29 | INFO     | risk.manager:_check_date_rollover:55 | 新交易日(2024-03-11), 重置日内风控统计
2026-06-24 01:09:29 | DEBUG    | strategy.combo:generate_signal:88 |   [EMA_Cross] -> buy (强度=0.40) EMA多头排列, 趋势向上
2026-06-24 01:09:29 | DEBUG    | strategy.combo:generate_signal:88 |   [Donchian_Breakout] -> buy (强度=0.30) 价格在通道上部(87%)
2026-06-24 01:09:29 | DEBUG    | strategy.combo:generate_signal:88 |   [MACD_Trend] -> buy (强度=0.50) MACD在零轴上方运行, 趋势向上
2026-06-24 01:09:29 | INFO     | risk.manager:_check_date_rollover:55 | 新交易日(2024-03-12), 重置日内风控统计
2026-06-24 01:09:29 | DEBUG    | strategy.combo:generate_signal:88 |   [EMA_Cross] -> buy (强度=0.40) EMA多头排列, 趋势向上
2026-06-24 01:09:29 | DEBUG    | strategy.combo:generate_signal:88 |   [Donchian_Breakout] -> buy (强度=0.30) 价格在通道上部(79%)
2026-06-24 01:09:29 | DEBUG    | strategy.combo:generate_signal:88 |   [MACD_Trend] -> buy (强度=0.50) MACD在零轴上方运行, 趋势向上
2026-06-24 01:09:29 | INFO     | risk.manager:_check_date_rollover:55 | 新交易日(2024-03-13), 重置日内风控统计
2026-06-24 01:09:29 | DEBUG    | strategy.combo:generate_signal:88 |   [EMA_Cross] -> buy (强度=0.40) EMA多头排列, 趋势向上
2026-06-24 01:09:29 | DEBUG    | strategy.combo:generate_signal:88 |   [Donchian_Breakout] -> buy (强度=0.30) 价格在通道上部(79%)
2026-06-24 01:09:29 | DEBUG    | strategy.combo:generate_signal:88 |   [MACD_Trend] -> sell (强度=0.80) MACD死叉, DIF=12.393, DEA=12.914
2026-06-24 01:09:29 | INFO     | risk.manager:_check_date_rollover:55 | 新交易日(2024-03-14), 重置日内风控统计
2026-06-24 01:09:29 | DEBUG    | strategy.combo:generate_signal:88 |   [EMA_Cross] -> buy (强度=0.40) EMA多头排列, 趋势向上
2026-06-24 01:09:29 | DEBUG    | strategy.combo:generate_signal:88 |   [Donchian_Breakout] -> buy (强度=0.30) 价格在通道上部(82%)
2026-06-24 01:09:29 | DEBUG    | strategy.combo:generate_signal:88 |   [MACD_Trend] -> hold (强度=0.00) MACD无明显信号
2026-06-24 01:09:29 | INFO     | risk.manager:_check_date_rollover:55 | 新交易日(2024-03-15), 重置日内风控统计
2026-06-24 01:09:29 | DEBUG    | strategy.combo:generate_signal:88 |   [EMA_Cross] -> buy (强度=0.40) EMA多头排列, 趋势向上
2026-06-24 01:09:29 | DEBUG    | strategy.combo:generate_signal:88 |   [Donchian_Breakout] -> buy (强度=0.30) 价格在通道上部(95%)
2026-06-24 01:09:29 | DEBUG    | strategy.combo:generate_signal:88 |   [MACD_Trend] -> hold (强度=0.00) MACD无明显信号
2026-06-24 01:09:29 | INFO     | risk.manager:_check_date_rollover:55 | 新交易日(2024-03-18), 重置日内风控统计
2026-06-24 01:09:29 | DEBUG    | strategy.combo:generate_signal:88 |   [EMA_Cross] -> buy (强度=0.40) EMA多头排列, 趋势向上
2026-06-24 01:09:29 | DEBUG    | strategy.combo:generate_signal:88 |   [Donchian_Breakout] -> buy (强度=0.30) 价格在通道上部(99%)
2026-06-24 01:09:29 | DEBUG    | strategy.combo:generate_signal:88 |   [MACD_Trend] -> hold (强度=0.00) MACD无明显信号
2026-06-24 01:09:29 | INFO     | risk.manager:_check_date_rollover:55 | 新交易日(2024-03-19), 重置日内风控统计
2026-06-24 01:09:29 | DEBUG    | strategy.combo:generate_signal:88 |   [EMA_Cross] -> buy (强度=0.40) EMA多头排列, 趋势向上
2026-06-24 01:09:29 | DEBUG    | strategy.combo:generate_signal:88 |   [Donchian_Breakout] -> buy (强度=0.30) 价格在通道上部(72%)
2026-06-24 01:09:29 | DEBUG    | strategy.combo:generate_signal:88 |   [MACD_Trend] -> hold (强度=0.00) MACD无明显信号
2026-06-24 01:09:29 | INFO     | risk.manager:_check_date_rollover:55 | 新交易日(2024-03-20), 重置日内风控统计
2026-06-24 01:09:29 | DEBUG    | strategy.combo:generate_signal:88 |   [EMA_Cross] -> buy (强度=0.40) EMA多头排列, 趋势向上
2026-06-24 01:09:29 | DEBUG    | strategy.combo:generate_signal:88 |   [Donchian_Breakout] -> hold (强度=0.00) 价格在通道中部
2026-06-24 01:09:29 | DEBUG    | strategy.combo:generate_signal:88 |   [MACD_Trend] -> hold (强度=0.00) MACD无明显信号
2026-06-24 01:09:29 | INFO     | risk.manager:_check_date_rollover:55 | 新交易日(2024-03-21), 重置日内风控统计
2026-06-24 01:09:29 | DEBUG    | strategy.combo:generate_signal:88 |   [EMA_Cross] -> buy (强度=0.40) EMA多头排列, 趋势向上
2026-06-24 01:09:29 | DEBUG    | strategy.combo:generate_signal:88 |   [Donchian_Breakout] -> hold (强度=0.00) 价格在通道中部
2026-06-24 01:09:29 | DEBUG    | strategy.combo:generate_signal:88 |   [MACD_Trend] -> hold (强度=0.00) MACD无明显信号
2026-06-24 01:09:29 | INFO     | risk.manager:_check_date_rollover:55 | 新交易日(2024-03-22), 重置日内风控统计
2026-06-24 01:09:29 | DEBUG    | strategy.combo:generate_signal:88 |   [EMA_Cross] -> buy (强度=0.40) EMA多头排列, 趋势向上
2026-06-24 01:09:29 | DEBUG    | strategy.combo:generate_signal:88 |   [Donchian_Breakout] -> hold (强度=0.00) 价格在通道中部
2026-06-24 01:09:29 | DEBUG    | strategy.combo:generate_signal:88 |   [MACD_Trend] -> hold (强度=0.00) MACD无明显信号
2026-06-24 01:09:29 | INFO     | risk.manager:_check_date_rollover:55 | 新交易日(2024-03-25), 重置日内风控统计
2026-06-24 01:09:29 | DEBUG    | strategy.combo:generate_signal:88 |   [EMA_Cross] -> buy (强度=0.40) EMA多头排列, 趋势向上
2026-06-24 01:09:29 | DEBUG    | strategy.combo:generate_signal:88 |   [Donchian_Breakout] -> hold (强度=0.00) 价格在通道中部
2026-06-24 01:09:29 | DEBUG    | strategy.combo:generate_signal:88 |   [MACD_Trend] -> hold (强度=0.00) MACD无明显信号
2026-06-24 01:09:29 | INFO     | risk.manager:_check_date_rollover:55 | 新交易日(2024-03-26), 重置日内风控统计
2026-06-24 01:09:29 | DEBUG    | strategy.combo:generate_signal:88 |   [EMA_Cross] -> buy (强度=0.40) EMA多头排列, 趋势向上
2026-06-24 01:09:29 | DEBUG    | strategy.combo:generate_signal:88 |   [Donchian_Breakout] -> sell (强度=0.80) 跌破10日新低(158.35)
2026-06-24 01:09:29 | DEBUG    | strategy.combo:generate_signal:88 |   [MACD_Trend] -> hold (强度=0.00) MACD无明显信号
2026-06-24 01:09:29 | INFO     | risk.manager:_check_date_rollover:55 | 新交易日(2024-03-27), 重置日内风控统计
2026-06-24 01:09:29 | DEBUG    | strategy.combo:generate_signal:88 |   [EMA_Cross] -> buy (强度=0.40) EMA多头排列, 趋势向上
2026-06-24 01:09:29 | DEBUG    | strategy.combo:generate_signal:88 |   [Donchian_Breakout] -> hold (强度=0.00) 价格在通道中部
2026-06-24 01:09:29 | DEBUG    | strategy.combo:generate_signal:88 |   [MACD_Trend] -> hold (强度=0.00) MACD无明显信号
2026-06-24 01:09:29 | INFO     | risk.manager:_check_date_rollover:55 | 新交易日(2024-03-28), 重置日内风控统计
2026-06-24 01:09:29 | DEBUG    | strategy.combo:generate_signal:88 |   [EMA_Cross] -> buy (强度=0.40) EMA多头排列, 趋势向上
2026-06-24 01:09:29 | DEBUG    | strategy.combo:generate_signal:88 |   [Donchian_Breakout] -> hold (强度=0.00) 价格在通道中部
2026-06-24 01:09:29 | DEBUG    | strategy.combo:generate_signal:88 |   [MACD_Trend] -> hold (强度=0.00) MACD无明显信号
2026-06-24 01:09:29 | INFO     | risk.manager:_check_date_rollover:55 | 新交易日(2024-03-29), 重置日内风控统计
2026-06-24 01:09:29 | DEBUG    | strategy.combo:generate_signal:88 |   [EMA_Cross] -> buy (强度=0.40) EMA多头排列, 趋势向上
2026-06-24 01:09:29 | DEBUG    | strategy.combo:generate_signal:88 |   [Donchian_Breakout] -> hold (强度=0.00) 价格在通道中部
2026-06-24 01:09:29 | DEBUG    | strategy.combo:generate_signal:88 |   [MACD_Trend] -> hold (强度=0.00) MACD无明显信号
2026-06-24 01:09:29 | INFO     | risk.manager:_check_date_rollover:55 | 新交易日(2024-04-01), 重置日内风控统计
2026-06-24 01:09:29 | DEBUG    | strategy.combo:generate_signal:88 |   [EMA_Cross] -> buy (强度=0.40) EMA多头排列, 趋势向上
2026-06-24 01:09:29 | DEBUG    | strategy.combo:generate_signal:88 |   [Donchian_Breakout] -> hold (强度=0.00) 价格在通道中部
2026-06-24 01:09:29 | DEBUG    | strategy.combo:generate_signal:88 |   [MACD_Trend] -> hold (强度=0.00) MACD无明显信号
2026-06-24 01:09:29 | INFO     | risk.manager:_check_date_rollover:55 | 新交易日(2024-04-02), 重置日内风控统计
2026-06-24 01:09:29 | DEBUG    | strategy.combo:generate_signal:88 |   [EMA_Cross] -> buy (强度=0.40) EMA多头排列, 趋势向上
2026-06-24 01:09:29 | DEBUG    | strategy.combo:generate_signal:88 |   [Donchian_Breakout] -> hold (强度=0.00) 价格在通道中部
2026-06-24 01:09:29 | DEBUG    | strategy.combo:generate_signal:88 |   [MACD_Trend] -> hold (强度=0.00) MACD无明显信号
2026-06-24 01:09:29 | INFO     | risk.manager:_check_date_rollover:55 | 新交易日(2024-04-03), 重置日内风控统计
2026-06-24 01:09:29 | DEBUG    | strategy.combo:generate_signal:88 |   [EMA_Cross] -> buy (强度=0.40) EMA多头排列, 趋势向上
2026-06-24 01:09:29 | DEBUG    | strategy.combo:generate_signal:88 |   [Donchian_Breakout] -> hold (强度=0.00) 价格在通道中部
2026-06-24 01:09:29 | DEBUG    | strategy.combo:generate_signal:88 |   [MACD_Trend] -> hold (强度=0.00) MACD无明显信号
2026-06-24 01:09:29 | INFO     | risk.manager:_check_date_rollover:55 | 新交易日(2024-04-08), 重置日内风控统计
2026-06-24 01:09:29 | DEBUG    | strategy.combo:generate_signal:88 |   [EMA_Cross] -> buy (强度=0.40) EMA多头排列, 趋势向上
2026-06-24 01:09:29 | DEBUG    | strategy.combo:generate_signal:88 |   [Donchian_Breakout] -> hold (强度=0.00) 价格在通道中部
2026-06-24 01:09:29 | DEBUG    | strategy.combo:generate_signal:88 |   [MACD_Trend] -> hold (强度=0.00) MACD无明显信号
2026-06-24 01:09:29 | INFO     | risk.manager:_check_date_rollover:55 | 新交易日(2024-04-09), 重置日内风控统计
2026-06-24 01:09:29 | DEBUG    | strategy.combo:generate_signal:88 |   [EMA_Cross] -> buy (强度=0.40) EMA多头排列, 趋势向上
2026-06-24 01:09:29 | DEBUG    | strategy.combo:generate_signal:88 |   [Donchian_Breakout] -> hold (强度=0.00) 价格在通道中部
2026-06-24 01:09:29 | DEBUG    | strategy.combo:generate_signal:88 |   [MACD_Trend] -> hold (强度=0.00) MACD无明显信号
2026-06-24 01:09:29 | INFO     | risk.manager:_check_date_rollover:55 | 新交易日(2024-04-10), 重置日内风控统计
2026-06-24 01:09:29 | DEBUG    | strategy.combo:generate_signal:88 |   [EMA_Cross] -> buy (强度=0.40) EMA多头排列, 趋势向上
2026-06-24 01:09:29 | DEBUG    | strategy.combo:generate_signal:88 |   [Donchian_Breakout] -> hold (强度=0.00) 价格在通道中部
2026-06-24 01:09:29 | DEBUG    | strategy.combo:generate_signal:88 |   [MACD_Trend] -> hold (强度=0.00) MACD无明显信号
2026-06-24 01:09:29 | INFO     | risk.manager:_check_date_rollover:55 | 新交易日(2024-04-11), 重置日内风控统计
2026-06-24 01:09:29 | DEBUG    | strategy.combo:generate_signal:88 |   [EMA_Cross] -> buy (强度=0.40) EMA多头排列, 趋势向上
2026-06-24 01:09:29 | DEBUG    | strategy.combo:generate_signal:88 |   [Donchian_Breakout] -> hold (强度=0.00) 价格在通道中部
2026-06-24 01:09:29 | DEBUG    | strategy.combo:generate_signal:88 |   [MACD_Trend] -> hold (强度=0.00) MACD无明显信号
2026-06-24 01:09:29 | INFO     | risk.manager:_check_date_rollover:55 | 新交易日(2024-04-12), 重置日内风控统计
2026-06-24 01:09:29 | DEBUG    | strategy.combo:generate_signal:88 |   [EMA_Cross] -> buy (强度=0.40) EMA多头排列, 趋势向上
2026-06-24 01:09:29 | DEBUG    | strategy.combo:generate_signal:88 |   [Donchian_Breakout] -> hold (强度=0.00) 价格在通道中部
2026-06-24 01:09:29 | DEBUG    | strategy.combo:generate_signal:88 |   [MACD_Trend] -> hold (强度=0.00) MACD无明显信号
2026-06-24 01:09:29 | INFO     | risk.manager:_check_date_rollover:55 | 新交易日(2024-04-15), 重置日内风控统计
2026-06-24 01:09:29 | DEBUG    | strategy.combo:generate_signal:88 |   [EMA_Cross] -> buy (强度=0.40) EMA多头排列, 趋势向上
2026-06-24 01:09:29 | DEBUG    | strategy.combo:generate_signal:88 |   [Donchian_Breakout] -> hold (强度=0.00) 价格在通道中部
2026-06-24 01:09:29 | DEBUG    | strategy.combo:generate_signal:88 |   [MACD_Trend] -> hold (强度=0.00) MACD无明显信号
2026-06-24 01:09:29 | INFO     | risk.manager:_check_date_rollover:55 | 新交易日(2024-04-16), 重置日内风控统计
2026-06-24 01:09:29 | DEBUG    | strategy.combo:generate_signal:88 |   [EMA_Cross] -> buy (强度=0.40) EMA多头排列, 趋势向上
2026-06-24 01:09:29 | DEBUG    | strategy.combo:generate_signal:88 |   [Donchian_Breakout] -> hold (强度=0.00) 价格在通道中部
2026-06-24 01:09:29 | DEBUG    | strategy.combo:generate_signal:88 |   [MACD_Trend] -> hold (强度=0.00) MACD无明显信号
2026-06-24 01:09:29 | INFO     | risk.manager:_check_date_rollover:55 | 新交易日(2024-04-17), 重置日内风控统计
2026-06-24 01:09:29 | DEBUG    | strategy.combo:generate_signal:88 |   [EMA_Cross] -> buy (强度=0.40) EMA多头排列, 趋势向上
2026-06-24 01:09:29 | DEBUG    | strategy.combo:generate_signal:88 |   [Donchian_Breakout] -> hold (强度=0.00) 价格在通道中部
2026-06-24 01:09:29 | DEBUG    | strategy.combo:generate_signal:88 |   [MACD_Trend] -> buy (强度=0.85) MACD金叉, DIF=3.303, DEA=3.072, 价格在MA60上方
2026-06-24 01:09:29 | INFO     | risk.manager:_check_date_rollover:55 | 新交易日(2024-04-18), 重置日内风控统计
2026-06-24 01:09:29 | DEBUG    | strategy.combo:generate_signal:88 |   [EMA_Cross] -> buy (强度=0.40) EMA多头排列, 趋势向上
2026-06-24 01:09:29 | DEBUG    | strategy.combo:generate_signal:88 |   [Donchian_Breakout] -> buy (强度=0.30) 价格在通道上部(88%)
2026-06-24 01:09:29 | DEBUG    | strategy.combo:generate_signal:88 |   [MACD_Trend] -> buy (强度=0.50) MACD在零轴上方运行, 趋势向上
2026-06-24 01:09:29 | INFO     | risk.manager:_check_date_rollover:55 | 新交易日(2024-04-19), 重置日内风控统计
2026-06-24 01:09:29 | DEBUG    | strategy.combo:generate_signal:88 |   [EMA_Cross] -> buy (强度=0.40) EMA多头排列, 趋势向上
2026-06-24 01:09:29 | DEBUG    | strategy.combo:generate_signal:88 |   [Donchian_Breakout] -> buy (强度=0.30) 价格在通道上部(79%)
2026-06-24 01:09:29 | DEBUG    | strategy.combo:generate_signal:88 |   [MACD_Trend] -> buy (强度=0.50) MACD在零轴上方运行, 趋势向上
2026-06-24 01:09:29 | INFO     | risk.manager:_check_date_rollover:55 | 新交易日(2024-04-22), 重置日内风控统计
2026-06-24 01:09:29 | DEBUG    | strategy.combo:generate_signal:88 |   [EMA_Cross] -> buy (强度=0.40) EMA多头排列, 趋势向上
2026-06-24 01:09:29 | DEBUG    | strategy.combo:generate_signal:88 |   [Donchian_Breakout] -> hold (强度=0.00) 价格在通道中部
2026-06-24 01:09:29 | DEBUG    | strategy.combo:generate_signal:88 |   [MACD_Trend] -> sell (强度=0.80) MACD死叉, DIF=2.678, DEA=3.165
2026-06-24 01:09:29 | INFO     | risk.manager:_check_date_rollover:55 | 新交易日(2024-04-23), 重置日内风控统计
2026-06-24 01:09:29 | DEBUG    | strategy.combo:generate_signal:88 |   [EMA_Cross] -> buy (强度=0.40) EMA多头排列, 趋势向上
2026-06-24 01:09:29 | DEBUG    | strategy.combo:generate_signal:88 |   [Donchian_Breakout] -> hold (强度=0.00) 价格在通道中部
2026-06-24 01:09:29 | DEBUG    | strategy.combo:generate_signal:88 |   [MACD_Trend] -> hold (强度=0.00) MACD无明显信号
2026-06-24 01:09:29 | INFO     | risk.manager:_check_date_rollover:55 | 新交易日(2024-04-24), 重置日内风控统计
2026-06-24 01:09:29 | DEBUG    | strategy.combo:generate_signal:88 |   [EMA_Cross] -> buy (强度=0.40) EMA多头排列, 趋势向上
2026-06-24 01:09:29 | DEBUG    | strategy.combo:generate_signal:88 |   [Donchian_Breakout] -> hold (强度=0.00) 价格在通道中部
2026-06-24 01:09:29 | DEBUG    | strategy.combo:generate_signal:88 |   [MACD_Trend] -> hold (强度=0.00) MACD无明显信号
2026-06-24 01:09:29 | INFO     | risk.manager:_check_date_rollover:55 | 新交易日(2024-04-25), 重置日内风控统计
2026-06-24 01:09:29 | DEBUG    | strategy.combo:generate_signal:88 |   [EMA_Cross] -> buy (强度=0.40) EMA多头排列, 趋势向上
2026-06-24 01:09:29 | DEBUG    | strategy.combo:generate_signal:88 |   [Donchian_Breakout] -> hold (强度=0.00) 价格在通道中部
2026-06-24 01:09:30 | DEBUG    | strategy.combo:generate_signal:88 |   [MACD_Trend] -> hold (强度=0.00) MACD无明显信号
2026-06-24 01:09:30 | INFO     | risk.manager:_check_date_rollover:55 | 新交易日(2024-04-26), 重置日内风控统计
2026-06-24 01:09:30 | DEBUG    | strategy.combo:generate_signal:88 |   [EMA_Cross] -> buy (强度=0.40) EMA多头排列, 趋势向上
2026-06-24 01:09:30 | DEBUG    | strategy.combo:generate_signal:88 |   [Donchian_Breakout] -> buy (强度=0.90) 突破20日新高(174.74), ATR=9.59
2026-06-24 01:09:30 | DEBUG    | strategy.combo:generate_signal:88 |   [MACD_Trend] -> buy (强度=0.85) MACD金叉, DIF=3.130, DEA=2.626, 价格在MA60上方
2026-06-24 01:09:30 | INFO     | risk.manager:_check_date_rollover:55 | 新交易日(2024-04-29), 重置日内风控统计
2026-06-24 01:09:30 | DEBUG    | strategy.combo:generate_signal:88 |   [EMA_Cross] -> buy (强度=0.40) EMA多头排列, 趋势向上
2026-06-24 01:09:30 | DEBUG    | strategy.combo:generate_signal:88 |   [Donchian_Breakout] -> buy (强度=0.30) 价格在通道上部(99%)
2026-06-24 01:09:30 | DEBUG    | strategy.combo:generate_signal:88 |   [MACD_Trend] -> buy (强度=0.50) MACD在零轴上方运行, 趋势向上
2026-06-24 01:09:30 | INFO     | risk.manager:_check_date_rollover:55 | 新交易日(2024-04-30), 重置日内风控统计
2026-06-24 01:09:30 | DEBUG    | strategy.combo:generate_signal:88 |   [EMA_Cross] -> buy (强度=0.40) EMA多头排列, 趋势向上
2026-06-24 01:09:30 | DEBUG    | strategy.combo:generate_signal:88 |   [Donchian_Breakout] -> buy (强度=0.30) 价格在通道上部(91%)
2026-06-24 01:09:30 | DEBUG    | strategy.combo:generate_signal:88 |   [MACD_Trend] -> buy (强度=0.50) MACD在零轴上方运行, 趋势向上
2026-06-24 01:09:30 | INFO     | risk.manager:_check_date_rollover:55 | 新交易日(2024-05-06), 重置日内风控统计
2026-06-24 01:09:30 | DEBUG    | strategy.combo:generate_signal:88 |   [EMA_Cross] -> sell (强度=0.70) 价格跌破EMA60趋势线
2026-06-24 01:09:30 | DEBUG    | strategy.combo:generate_signal:88 |   [Donchian_Breakout] -> sell (强度=0.80) 跌破10日新低(149.54)
2026-06-24 01:09:30 | DEBUG    | strategy.combo:generate_signal:88 |   [MACD_Trend] -> sell (强度=0.80) MACD死叉, DIF=1.542, DEA=3.071
2026-06-24 01:09:30 | WARNING  | execution.simulator:sell:148 | [300308.SZ] T+1限制: 今日买入不可卖
2026-06-24 01:09:30 | INFO     | risk.manager:_check_date_rollover:55 | 新交易日(2024-05-07), 重置日内风控统计
2026-06-24 01:09:30 | DEBUG    | strategy.combo:generate_signal:88 |   [EMA_Cross] -> sell (强度=0.80) EMA死叉
2026-06-24 01:09:30 | DEBUG    | strategy.combo:generate_signal:88 |   [Donchian_Breakout] -> sell (强度=0.80) 跌破10日新低(129.45)
2026-06-24 01:09:30 | DEBUG    | strategy.combo:generate_signal:88 |   [MACD_Trend] -> hold (强度=0.00) MACD无明显信号
2026-06-24 01:09:30 | WARNING  | execution.simulator:sell:148 | [300308.SZ] T+1限制: 今日买入不可卖
2026-06-24 01:09:30 | INFO     | risk.manager:_check_date_rollover:55 | 新交易日(2024-05-08), 重置日内风控统计
2026-06-24 01:09:30 | DEBUG    | strategy.combo:generate_signal:88 |   [EMA_Cross] -> hold (强度=0.00) 无明显信号
2026-06-24 01:09:30 | DEBUG    | strategy.combo:generate_signal:88 |   [Donchian_Breakout] -> hold (强度=0.00) 价格在通道中部
2026-06-24 01:09:30 | DEBUG    | strategy.combo:generate_signal:88 |   [MACD_Trend] -> hold (强度=0.00) MACD无明显信号
2026-06-24 01:09:30 | INFO     | risk.manager:_check_date_rollover:55 | 新交易日(2024-05-09), 重置日内风控统计
2026-06-24 01:09:30 | DEBUG    | strategy.combo:generate_signal:88 |   [EMA_Cross] -> hold (强度=0.00) 无明显信号
2026-06-24 01:09:30 | DEBUG    | strategy.combo:generate_signal:88 |   [Donchian_Breakout] -> hold (强度=0.00) 价格在通道中部
2026-06-24 01:09:30 | DEBUG    | strategy.combo:generate_signal:88 |   [MACD_Trend] -> hold (强度=0.00) MACD无明显信号
2026-06-24 01:09:30 | INFO     | risk.manager:_check_date_rollover:55 | 新交易日(2024-05-10), 重置日内风控统计
2026-06-24 01:09:30 | DEBUG    | strategy.combo:generate_signal:88 |   [EMA_Cross] -> hold (强度=0.00) 无明显信号
2026-06-24 01:09:30 | DEBUG    | strategy.combo:generate_signal:88 |   [Donchian_Breakout] -> hold (强度=0.00) 价格在通道中部
2026-06-24 01:09:30 | DEBUG    | strategy.combo:generate_signal:88 |   [MACD_Trend] -> hold (强度=0.00) MACD无明显信号
2026-06-24 01:09:30 | INFO     | risk.manager:_check_date_rollover:55 | 新交易日(2024-05-13), 重置日内风控统计
2026-06-24 01:09:30 | DEBUG    | strategy.combo:generate_signal:88 |   [EMA_Cross] -> hold (强度=0.00) 无明显信号
2026-06-24 01:09:30 | DEBUG    | strategy.combo:generate_signal:88 |   [Donchian_Breakout] -> hold (强度=0.00) 价格在通道中部
2026-06-24 01:09:30 | DEBUG    | strategy.combo:generate_signal:88 |   [MACD_Trend] -> hold (强度=0.00) MACD无明显信号
2026-06-24 01:09:30 | INFO     | risk.manager:_check_date_rollover:55 | 新交易日(2024-05-14), 重置日内风控统计
2026-06-24 01:09:30 | DEBUG    | strategy.combo:generate_signal:88 |   [EMA_Cross] -> hold (强度=0.00) 无明显信号
2026-06-24 01:09:30 | DEBUG    | strategy.combo:generate_signal:88 |   [Donchian_Breakout] -> sell (强度=0.80) 跌破10日新低(118.00)
2026-06-24 01:09:30 | DEBUG    | strategy.combo:generate_signal:88 |   [MACD_Trend] -> hold (强度=0.00) MACD无明显信号
2026-06-24 01:09:30 | INFO     | risk.manager:_check_date_rollover:55 | 新交易日(2024-05-15), 重置日内风控统计
2026-06-24 01:09:30 | DEBUG    | strategy.combo:generate_signal:88 |   [EMA_Cross] -> hold (强度=0.00) 无明显信号
2026-06-24 01:09:30 | DEBUG    | strategy.combo:generate_signal:88 |   [Donchian_Breakout] -> hold (强度=0.00) 价格在通道中部
2026-06-24 01:09:30 | DEBUG    | strategy.combo:generate_signal:88 |   [MACD_Trend] -> hold (强度=0.00) MACD无明显信号
2026-06-24 01:09:30 | INFO     | risk.manager:_check_date_rollover:55 | 新交易日(2024-05-16), 重置日内风控统计
2026-06-24 01:09:30 | DEBUG    | strategy.combo:generate_signal:88 |   [EMA_Cross] -> hold (强度=0.00) 无明显信号
2026-06-24 01:09:30 | DEBUG    | strategy.combo:generate_signal:88 |   [Donchian_Breakout] -> hold (强度=0.00) 价格在通道中部
2026-06-24 01:09:30 | DEBUG    | strategy.combo:generate_signal:88 |   [MACD_Trend] -> hold (强度=0.00) MACD无明显信号
2026-06-24 01:09:30 | INFO     | risk.manager:_check_date_rollover:55 | 新交易日(2024-05-17), 重置日内风控统计
2026-06-24 01:09:30 | DEBUG    | strategy.combo:generate_signal:88 |   [EMA_Cross] -> hold (强度=0.00) 无明显信号
2026-06-24 01:09:30 | DEBUG    | strategy.combo:generate_signal:88 |   [Donchian_Breakout] -> hold (强度=0.00) 价格在通道中部
2026-06-24 01:09:30 | DEBUG    | strategy.combo:generate_signal:88 |   [MACD_Trend] -> hold (强度=0.00) MACD无明显信号
2026-06-24 01:09:30 | INFO     | risk.manager:_check_date_rollover:55 | 新交易日(2024-05-20), 重置日内风控统计
2026-06-24 01:09:30 | DEBUG    | strategy.combo:generate_signal:88 |   [EMA_Cross] -> hold (强度=0.00) 无明显信号
2026-06-24 01:09:30 | DEBUG    | strategy.combo:generate_signal:88 |   [Donchian_Breakout] -> hold (强度=0.00) 价格在通道中部
2026-06-24 01:09:30 | DEBUG    | strategy.combo:generate_signal:88 |   [MACD_Trend] -> hold (强度=0.00) MACD无明显信号
2026-06-24 01:09:30 | INFO     | risk.manager:_check_date_rollover:55 | 新交易日(2024-05-21), 重置日内风控统计
2026-06-24 01:09:30 | DEBUG    | strategy.combo:generate_signal:88 |   [EMA_Cross] -> hold (强度=0.00) 无明显信号
2026-06-24 01:09:30 | DEBUG    | strategy.combo:generate_signal:88 |   [Donchian_Breakout] -> hold (强度=0.00) 价格在通道中部
2026-06-24 01:09:30 | DEBUG    | strategy.combo:generate_signal:88 |   [MACD_Trend] -> hold (强度=0.00) MACD无明显信号
2026-06-24 01:09:30 | INFO     | risk.manager:_check_date_rollover:55 | 新交易日(2024-05-22), 重置日内风控统计
2026-06-24 01:09:30 | DEBUG    | strategy.combo:generate_signal:88 |   [EMA_Cross] -> hold (强度=0.00) 无明显信号
2026-06-24 01:09:30 | DEBUG    | strategy.combo:generate_signal:88 |   [Donchian_Breakout] -> hold (强度=0.00) 价格在通道中部
2026-06-24 01:09:30 | DEBUG    | strategy.combo:generate_signal:88 |   [MACD_Trend] -> hold (强度=0.00) MACD无明显信号
2026-06-24 01:09:30 | INFO     | risk.manager:_check_date_rollover:55 | 新交易日(2024-05-23), 重置日内风控统计
2026-06-24 01:09:30 | DEBUG    | strategy.combo:generate_signal:88 |   [EMA_Cross] -> hold (强度=0.00) 无明显信号
2026-06-24 01:09:30 | DEBUG    | strategy.combo:generate_signal:88 |   [Donchian_Breakout] -> hold (强度=0.00) 价格在通道中部
2026-06-24 01:09:30 | DEBUG    | strategy.combo:generate_signal:88 |   [MACD_Trend] -> hold (强度=0.00) MACD无明显信号
2026-06-24 01:09:30 | INFO     | risk.manager:_check_date_rollover:55 | 新交易日(2024-05-24), 重置日内风控统计
2026-06-24 01:09:30 | DEBUG    | strategy.combo:generate_signal:88 |   [EMA_Cross] -> hold (强度=0.00) 无明显信号
2026-06-24 01:09:30 | DEBUG    | strategy.combo:generate_signal:88 |   [Donchian_Breakout] -> hold (强度=0.00) 价格在通道中部
2026-06-24 01:09:30 | DEBUG    | strategy.combo:generate_signal:88 |   [MACD_Trend] -> hold (强度=0.00) MACD无明显信号
2026-06-24 01:09:30 | INFO     | risk.manager:_check_date_rollover:55 | 新交易日(2024-05-27), 重置日内风控统计
2026-06-24 01:09:30 | DEBUG    | strategy.combo:generate_signal:88 |   [EMA_Cross] -> hold (强度=0.00) 无明显信号
2026-06-24 01:09:30 | DEBUG    | strategy.combo:generate_signal:88 |   [Donchian_Breakout] -> hold (强度=0.00) 价格在通道中部
2026-06-24 01:09:30 | DEBUG    | strategy.combo:generate_signal:88 |   [MACD_Trend] -> hold (强度=0.00) MACD无明显信号
2026-06-24 01:09:30 | INFO     | risk.manager:_check_date_rollover:55 | 新交易日(2024-05-28), 重置日内风控统计
2026-06-24 01:09:30 | DEBUG    | strategy.combo:generate_signal:88 |   [EMA_Cross] -> hold (强度=0.00) 无明显信号
2026-06-24 01:09:30 | DEBUG    | strategy.combo:generate_signal:88 |   [Donchian_Breakout] -> sell (强度=0.80) 跌破10日新低(116.27)
2026-06-24 01:09:30 | DEBUG    | strategy.combo:generate_signal:88 |   [MACD_Trend] -> hold (强度=0.00) MACD无明显信号
2026-06-24 01:09:30 | INFO     | risk.manager:_check_date_rollover:55 | 新交易日(2024-05-29), 重置日内风控统计
2026-06-24 01:09:30 | DEBUG    | strategy.combo:generate_signal:88 |   [EMA_Cross] -> hold (强度=0.00) 无明显信号
2026-06-24 01:09:30 | DEBUG    | strategy.combo:generate_signal:88 |   [Donchian_Breakout] -> hold (强度=0.00) 价格在通道中部
2026-06-24 01:09:30 | DEBUG    | strategy.combo:generate_signal:88 |   [MACD_Trend] -> hold (强度=0.00) MACD无明显信号
2026-06-24 01:09:30 | INFO     | risk.manager:_check_date_rollover:55 | 新交易日(2024-05-30), 重置日内风控统计
2026-06-24 01:09:30 | DEBUG    | strategy.combo:generate_signal:88 |   [EMA_Cross] -> hold (强度=0.00) 无明显信号
2026-06-24 01:09:30 | DEBUG    | strategy.combo:generate_signal:88 |   [Donchian_Breakout] -> sell (强度=0.80) 跌破10日新低(113.34)
2026-06-24 01:09:30 | DEBUG    | strategy.combo:generate_signal:88 |   [MACD_Trend] -> hold (强度=0.00) MACD无明显信号
2026-06-24 01:09:30 | INFO     | risk.manager:_check_date_rollover:55 | 新交易日(2024-05-31), 重置日内风控统计
2026-06-24 01:09:30 | DEBUG    | strategy.combo:generate_signal:88 |   [EMA_Cross] -> hold (强度=0.00) 无明显信号
2026-06-24 01:09:30 | DEBUG    | strategy.combo:generate_signal:88 |   [Donchian_Breakout] -> sell (强度=0.80) 跌破10日新低(112.32)
2026-06-24 01:09:30 | DEBUG    | strategy.combo:generate_signal:88 |   [MACD_Trend] -> hold (强度=0.00) MACD无明显信号
2026-06-24 01:12:07 | INFO     | strategy.combo:__init__:36 | 加载策略: EMA_Cross (权重=1.0)
2026-06-24 01:12:07 | INFO     | strategy.combo:__init__:36 | 加载策略: Donchian_Breakout (权重=1.0)
2026-06-24 01:12:07 | INFO     | strategy.combo:__init__:36 | 加载策略: MACD_Trend (权重=1.0)
2026-06-24 01:12:07 | DEBUG    | strategy.combo:generate_signal:88 |   [EMA_Cross] -> buy (强度=0.40) EMA多头排列, 趋势向上
2026-06-24 01:12:07 | DEBUG    | strategy.combo:generate_signal:88 |   [Donchian_Breakout] -> buy (强度=0.30) 价格在通道上部(95%)
2026-06-24 01:12:07 | DEBUG    | strategy.combo:generate_signal:88 |   [MACD_Trend] -> buy (强度=0.50) MACD在零轴上方运行, 趋势向上
2026-06-24 01:12:07 | INFO     | risk.position_sizer:calc_buy_size:82 | 仓位计算: 价格=74.85, 可用资金=2000000, 最大单仓=400000, 建议买入=5300股(396719元)
2026-06-24 01:12:07 | INFO     | execution.simulator:buy:126 | 💰 买入 中际旭创(300308): 5300股 @ 74.93 金额=397129 费用=127.08 总成本=397256
2026-06-24 01:12:07 | DEBUG    | strategy.combo:generate_signal:88 |   [EMA_Cross] -> buy (强度=0.40) EMA多头排列, 趋势向上
2026-06-24 01:12:07 | DEBUG    | strategy.combo:generate_signal:88 |   [Donchian_Breakout] -> buy (强度=0.30) 价格在通道上部(106%)
2026-06-24 01:12:07 | DEBUG    | strategy.combo:generate_signal:88 |   [MACD_Trend] -> buy (强度=0.50) MACD在零轴上方运行, 趋势向上
2026-06-24 01:12:07 | DEBUG    | strategy.combo:generate_signal:88 |   [EMA_Cross] -> buy (强度=0.40) EMA多头排列, 趋势向上
2026-06-24 01:12:07 | DEBUG    | strategy.combo:generate_signal:88 |   [Donchian_Breakout] -> buy (强度=0.30) 价格在通道上部(90%)
2026-06-24 01:12:07 | DEBUG    | strategy.combo:generate_signal:88 |   [MACD_Trend] -> buy (强度=0.50) MACD在零轴上方运行, 趋势向上
2026-06-24 01:12:07 | DEBUG    | strategy.combo:generate_signal:88 |   [EMA_Cross] -> buy (强度=0.40) EMA多头排列, 趋势向上
2026-06-24 01:12:07 | DEBUG    | strategy.combo:generate_signal:88 |   [Donchian_Breakout] -> buy (强度=0.90) 突破20日新高(81.17), ATR=6.22
2026-06-24 01:12:07 | DEBUG    | strategy.combo:generate_signal:88 |   [MACD_Trend] -> buy (强度=0.50) MACD在零轴上方运行, 趋势向上
2026-06-24 01:12:07 | DEBUG    | strategy.combo:generate_signal:88 |   [EMA_Cross] -> buy (强度=0.40) EMA多头排列, 趋势向上
2026-06-24 01:12:07 | DEBUG    | strategy.combo:generate_signal:88 |   [Donchian_Breakout] -> buy (强度=0.30) 价格在通道上部(78%)
2026-06-24 01:12:07 | DEBUG    | strategy.combo:generate_signal:88 |   [MACD_Trend] -> buy (强度=0.50) MACD在零轴上方运行, 趋势向上
2026-06-24 01:12:07 | DEBUG    | strategy.combo:generate_signal:88 |   [EMA_Cross] -> buy (强度=0.40) EMA多头排列, 趋势向上
2026-06-24 01:12:07 | DEBUG    | strategy.combo:generate_signal:88 |   [Donchian_Breakout] -> buy (强度=0.30) 价格在通道上部(74%)
2026-06-24 01:12:07 | DEBUG    | strategy.combo:generate_signal:88 |   [MACD_Trend] -> buy (强度=0.50) MACD在零轴上方运行, 趋势向上
2026-06-24 01:12:07 | DEBUG    | strategy.combo:generate_signal:88 |   [EMA_Cross] -> buy (强度=0.40) EMA多头排列, 趋势向上
2026-06-24 01:12:07 | DEBUG    | strategy.combo:generate_signal:88 |   [Donchian_Breakout] -> buy (强度=0.30) 价格在通道上部(71%)
2026-06-24 01:12:07 | DEBUG    | strategy.combo:generate_signal:88 |   [MACD_Trend] -> sell (强度=0.80) MACD死叉, DIF=8.492, DEA=8.520
2026-06-24 01:12:07 | DEBUG    | strategy.combo:generate_signal:88 |   [EMA_Cross] -> buy (强度=0.40) EMA多头排列, 趋势向上
2026-06-24 01:12:07 | DEBUG    | strategy.combo:generate_signal:88 |   [Donchian_Breakout] -> buy (强度=0.30) 价格在通道上部(102%)
2026-06-24 01:12:07 | DEBUG    | strategy.combo:generate_signal:88 |   [MACD_Trend] -> buy (强度=0.85) MACD金叉, DIF=9.014, DEA=8.618, 价格在MA60上方
2026-06-24 01:12:07 | DEBUG    | strategy.combo:generate_signal:88 |   [EMA_Cross] -> buy (强度=0.40) EMA多头排列, 趋势向上
2026-06-24 01:12:07 | DEBUG    | strategy.combo:generate_signal:88 |   [Donchian_Breakout] -> buy (强度=0.30) 价格在通道上部(84%)
2026-06-24 01:12:07 | DEBUG    | strategy.combo:generate_signal:88 |   [MACD_Trend] -> buy (强度=0.50) MACD在零轴上方运行, 趋势向上
2026-06-24 01:12:07 | DEBUG    | strategy.combo:generate_signal:88 |   [EMA_Cross] -> buy (强度=0.40) EMA多头排列, 趋势向上
2026-06-24 01:12:07 | DEBUG    | strategy.combo:generate_signal:88 |   [Donchian_Breakout] -> hold (强度=0.00) 价格在通道中部
2026-06-24 01:12:07 | DEBUG    | strategy.combo:generate_signal:88 |   [MACD_Trend] -> sell (强度=0.80) MACD死叉, DIF=8.244, DEA=8.595
2026-06-24 01:12:07 | DEBUG    | strategy.combo:generate_signal:88 |   [EMA_Cross] -> buy (强度=0.40) EMA多头排列, 趋势向上
2026-06-24 01:12:07 | DEBUG    | strategy.combo:generate_signal:88 |   [Donchian_Breakout] -> hold (强度=0.00) 价格在通道中部
2026-06-24 01:12:07 | DEBUG    | strategy.combo:generate_signal:88 |   [MACD_Trend] -> hold (强度=0.00) MACD无明显信号
2026-06-24 01:12:07 | DEBUG    | strategy.combo:generate_signal:88 |   [EMA_Cross] -> buy (强度=0.40) EMA多头排列, 趋势向上
2026-06-24 01:12:07 | DEBUG    | strategy.combo:generate_signal:88 |   [Donchian_Breakout] -> hold (强度=0.00) 价格在通道中部
2026-06-24 01:12:07 | DEBUG    | strategy.combo:generate_signal:88 |   [MACD_Trend] -> hold (强度=0.00) MACD无明显信号
2026-06-24 01:12:07 | DEBUG    | strategy.combo:generate_signal:88 |   [EMA_Cross] -> buy (强度=0.40) EMA多头排列, 趋势向上
2026-06-24 01:12:07 | DEBUG    | strategy.combo:generate_signal:88 |   [Donchian_Breakout] -> hold (强度=0.00) 价格在通道中部
2026-06-24 01:12:07 | DEBUG    | strategy.combo:generate_signal:88 |   [MACD_Trend] -> hold (强度=0.00) MACD无明显信号
2026-06-24 01:12:07 | DEBUG    | strategy.combo:generate_signal:88 |   [EMA_Cross] -> buy (强度=0.40) EMA多头排列, 趋势向上
2026-06-24 01:12:07 | DEBUG    | strategy.combo:generate_signal:88 |   [Donchian_Breakout] -> sell (强度=0.80) 跌破10日新低(73.26)
2026-06-24 01:12:07 | DEBUG    | strategy.combo:generate_signal:88 |   [MACD_Trend] -> hold (强度=0.00) MACD无明显信号
2026-06-24 01:12:07 | DEBUG    | strategy.combo:generate_signal:88 |   [EMA_Cross] -> buy (强度=0.40) EMA多头排列, 趋势向上
2026-06-24 01:12:07 | DEBUG    | strategy.combo:generate_signal:88 |   [Donchian_Breakout] -> hold (强度=0.00) 价格在通道中部
2026-06-24 01:12:07 | DEBUG    | strategy.combo:generate_signal:88 |   [MACD_Trend] -> hold (强度=0.00) MACD无明显信号
2026-06-24 01:12:07 | DEBUG    | strategy.combo:generate_signal:88 |   [EMA_Cross] -> buy (强度=0.40) EMA多头排列, 趋势向上
2026-06-24 01:12:07 | DEBUG    | strategy.combo:generate_signal:88 |   [Donchian_Breakout] -> hold (强度=0.00) 价格在通道中部
2026-06-24 01:12:07 | DEBUG    | strategy.combo:generate_signal:88 |   [MACD_Trend] -> hold (强度=0.00) MACD无明显信号
2026-06-24 01:12:07 | DEBUG    | strategy.combo:generate_signal:88 |   [EMA_Cross] -> buy (强度=0.40) EMA多头排列, 趋势向上
2026-06-24 01:12:07 | DEBUG    | strategy.combo:generate_signal:88 |   [Donchian_Breakout] -> hold (强度=0.00) 价格在通道中部
2026-06-24 01:12:07 | DEBUG    | strategy.combo:generate_signal:88 |   [MACD_Trend] -> hold (强度=0.00) MACD无明显信号
2026-06-24 01:12:07 | DEBUG    | strategy.combo:generate_signal:88 |   [EMA_Cross] -> buy (强度=0.40) EMA多头排列, 趋势向上
2026-06-24 01:12:07 | DEBUG    | strategy.combo:generate_signal:88 |   [Donchian_Breakout] -> hold (强度=0.00) 价格在通道中部
2026-06-24 01:12:07 | DEBUG    | strategy.combo:generate_signal:88 |   [MACD_Trend] -> hold (强度=0.00) MACD无明显信号
2026-06-24 01:12:07 | DEBUG    | strategy.combo:generate_signal:88 |   [EMA_Cross] -> buy (强度=0.40) EMA多头排列, 趋势向上
2026-06-24 01:12:07 | DEBUG    | strategy.combo:generate_signal:88 |   [Donchian_Breakout] -> buy (强度=0.30) 价格在通道上部(114%)
2026-06-24 01:12:07 | DEBUG    | strategy.combo:generate_signal:88 |   [MACD_Trend] -> hold (强度=0.00) MACD无明显信号
2026-06-24 01:12:07 | DEBUG    | strategy.combo:generate_signal:88 |   [EMA_Cross] -> buy (强度=0.40) EMA多头排列, 趋势向上
2026-06-24 01:12:07 | DEBUG    | strategy.combo:generate_signal:88 |   [Donchian_Breakout] -> buy (强度=0.30) 价格在通道上部(96%)
2026-06-24 01:12:07 | DEBUG    | strategy.combo:generate_signal:88 |   [MACD_Trend] -> buy (强度=0.85) MACD金叉, DIF=5.816, DEA=5.599, 价格在MA60上方
2026-06-24 01:12:07 | DEBUG    | strategy.combo:generate_signal:88 |   [EMA_Cross] -> buy (强度=0.40) EMA多头排列, 趋势向上
2026-06-24 01:12:07 | DEBUG    | strategy.combo:generate_signal:88 |   [Donchian_Breakout] -> hold (强度=0.00) 价格在通道中部
2026-06-24 01:12:07 | DEBUG    | strategy.combo:generate_signal:88 |   [MACD_Trend] -> buy (强度=0.50) MACD在零轴上方运行, 趋势向上
2026-06-24 01:12:07 | DEBUG    | strategy.combo:generate_signal:88 |   [EMA_Cross] -> buy (强度=0.40) EMA多头排列, 趋势向上
2026-06-24 01:12:07 | DEBUG    | strategy.combo:generate_signal:88 |   [Donchian_Breakout] -> hold (强度=0.00) 价格在通道中部
2026-06-24 01:12:07 | DEBUG    | strategy.combo:generate_signal:88 |   [MACD_Trend] -> buy (强度=0.50) MACD在零轴上方运行, 趋势向上
2026-06-24 01:12:07 | DEBUG    | strategy.combo:generate_signal:88 |   [EMA_Cross] -> buy (强度=0.40) EMA多头排列, 趋势向上
2026-06-24 01:12:07 | DEBUG    | strategy.combo:generate_signal:88 |   [Donchian_Breakout] -> hold (强度=0.00) 价格在通道中部
2026-06-24 01:12:07 | DEBUG    | strategy.combo:generate_signal:88 |   [MACD_Trend] -> sell (强度=0.80) MACD死叉, DIF=5.665, DEA=5.695
2026-06-24 01:12:07 | DEBUG    | strategy.combo:generate_signal:88 |   [EMA_Cross] -> buy (强度=0.40) EMA多头排列, 趋势向上
2026-06-24 01:12:07 | DEBUG    | strategy.combo:generate_signal:88 |   [Donchian_Breakout] -> buy (强度=0.30) 价格在通道上部(77%)
2026-06-24 01:12:07 | DEBUG    | strategy.combo:generate_signal:88 |   [MACD_Trend] -> buy (强度=0.85) MACD金叉, DIF=5.917, DEA=5.740, 价格在MA60上方
2026-06-24 01:12:07 | DEBUG    | strategy.combo:generate_signal:88 |   [EMA_Cross] -> buy (强度=0.40) EMA多头排列, 趋势向上
2026-06-24 01:12:07 | DEBUG    | strategy.combo:generate_signal:88 |   [Donchian_Breakout] -> hold (强度=0.00) 价格在通道中部
2026-06-24 01:12:07 | DEBUG    | strategy.combo:generate_signal:88 |   [MACD_Trend] -> buy (强度=0.50) MACD在零轴上方运行, 趋势向上
2026-06-24 01:12:07 | DEBUG    | strategy.combo:generate_signal:88 |   [EMA_Cross] -> buy (强度=0.40) EMA多头排列, 趋势向上
2026-06-24 01:12:07 | DEBUG    | strategy.combo:generate_signal:88 |   [Donchian_Breakout] -> buy (强度=0.30) 价格在通道上部(86%)
2026-06-24 01:12:07 | DEBUG    | strategy.combo:generate_signal:88 |   [MACD_Trend] -> buy (强度=0.50) MACD在零轴上方运行, 趋势向上
2026-06-24 01:12:07 | DEBUG    | strategy.combo:generate_signal:88 |   [EMA_Cross] -> buy (强度=0.40) EMA多头排列, 趋势向上
2026-06-24 01:12:07 | DEBUG    | strategy.combo:generate_signal:88 |   [Donchian_Breakout] -> buy (强度=0.90) 突破20日新高(101.34), ATR=8.62
2026-06-24 01:12:07 | DEBUG    | strategy.combo:generate_signal:88 |   [MACD_Trend] -> buy (强度=0.50) MACD在零轴上方运行, 趋势向上
2026-06-24 01:12:07 | DEBUG    | strategy.combo:generate_signal:88 |   [EMA_Cross] -> buy (强度=0.40) EMA多头排列, 趋势向上
2026-06-24 01:12:07 | DEBUG    | strategy.combo:generate_signal:88 |   [Donchian_Breakout] -> buy (强度=0.30) 价格在通道上部(93%)
2026-06-24 01:12:07 | DEBUG    | strategy.combo:generate_signal:88 |   [MACD_Trend] -> buy (强度=0.50) MACD在零轴上方运行, 趋势向上
2026-06-24 01:12:07 | DEBUG    | strategy.combo:generate_signal:88 |   [EMA_Cross] -> buy (强度=0.40) EMA多头排列, 趋势向上
2026-06-24 01:12:07 | DEBUG    | strategy.combo:generate_signal:88 |   [Donchian_Breakout] -> buy (强度=0.30) 价格在通道上部(95%)
2026-06-24 01:12:07 | DEBUG    | strategy.combo:generate_signal:88 |   [MACD_Trend] -> buy (强度=0.50) MACD在零轴上方运行, 趋势向上
2026-06-24 01:12:07 | DEBUG    | strategy.combo:generate_signal:88 |   [EMA_Cross] -> buy (强度=0.40) EMA多头排列, 趋势向上
2026-06-24 01:12:07 | DEBUG    | strategy.combo:generate_signal:88 |   [Donchian_Breakout] -> buy (强度=0.30) 价格在通道上部(89%)
2026-06-24 01:12:07 | DEBUG    | strategy.combo:generate_signal:88 |   [MACD_Trend] -> buy (强度=0.50) MACD在零轴上方运行, 趋势向上
2026-06-24 01:12:07 | DEBUG    | strategy.combo:generate_signal:88 |   [EMA_Cross] -> buy (强度=0.40) EMA多头排列, 趋势向上
2026-06-24 01:12:07 | DEBUG    | strategy.combo:generate_signal:88 |   [Donchian_Breakout] -> buy (强度=0.30) 价格在通道上部(96%)
2026-06-24 01:12:07 | DEBUG    | strategy.combo:generate_signal:88 |   [MACD_Trend] -> buy (强度=0.50) MACD在零轴上方运行, 趋势向上
2026-06-24 01:12:07 | DEBUG    | strategy.combo:generate_signal:88 |   [EMA_Cross] -> buy (强度=0.40) EMA多头排列, 趋势向上
2026-06-24 01:12:07 | DEBUG    | strategy.combo:generate_signal:88 |   [Donchian_Breakout] -> buy (强度=0.30) 价格在通道上部(82%)
2026-06-24 01:12:07 | DEBUG    | strategy.combo:generate_signal:88 |   [MACD_Trend] -> buy (强度=0.50) MACD在零轴上方运行, 趋势向上
2026-06-24 01:12:07 | DEBUG    | strategy.combo:generate_signal:88 |   [EMA_Cross] -> buy (强度=0.40) EMA多头排列, 趋势向上
2026-06-24 01:12:07 | DEBUG    | strategy.combo:generate_signal:88 |   [Donchian_Breakout] -> buy (强度=0.30) 价格在通道上部(84%)
2026-06-24 01:12:07 | DEBUG    | strategy.combo:generate_signal:88 |   [MACD_Trend] -> buy (强度=0.50) MACD在零轴上方运行, 趋势向上
2026-06-24 01:12:07 | DEBUG    | strategy.combo:generate_signal:88 |   [EMA_Cross] -> buy (强度=0.40) EMA多头排列, 趋势向上
2026-06-24 01:12:07 | DEBUG    | strategy.combo:generate_signal:88 |   [Donchian_Breakout] -> buy (强度=0.30) 价格在通道上部(80%)
2026-06-24 01:12:07 | DEBUG    | strategy.combo:generate_signal:88 |   [MACD_Trend] -> buy (强度=0.50) MACD在零轴上方运行, 趋势向上
2026-06-24 01:12:07 | DEBUG    | strategy.combo:generate_signal:88 |   [EMA_Cross] -> buy (强度=0.40) EMA多头排列, 趋势向上
2026-06-24 01:12:07 | DEBUG    | strategy.combo:generate_signal:88 |   [Donchian_Breakout] -> buy (强度=0.30) 价格在通道上部(100%)
2026-06-24 01:12:07 | DEBUG    | strategy.combo:generate_signal:88 |   [MACD_Trend] -> buy (强度=0.50) MACD在零轴上方运行, 趋势向上
2026-06-24 01:12:07 | DEBUG    | strategy.combo:generate_signal:88 |   [EMA_Cross] -> buy (强度=0.40) EMA多头排列, 趋势向上
2026-06-24 01:12:07 | DEBUG    | strategy.combo:generate_signal:88 |   [Donchian_Breakout] -> buy (强度=0.30) 价格在通道上部(107%)
2026-06-24 01:12:07 | DEBUG    | strategy.combo:generate_signal:88 |   [MACD_Trend] -> buy (强度=0.50) MACD在零轴上方运行, 趋势向上
2026-06-24 01:12:07 | DEBUG    | strategy.combo:generate_signal:88 |   [EMA_Cross] -> buy (强度=0.40) EMA多头排列, 趋势向上
2026-06-24 01:12:07 | DEBUG    | strategy.combo:generate_signal:88 |   [Donchian_Breakout] -> buy (强度=0.30) 价格在通道上部(98%)
2026-06-24 01:12:07 | DEBUG    | strategy.combo:generate_signal:88 |   [MACD_Trend] -> buy (强度=0.50) MACD在零轴上方运行, 趋势向上
2026-06-24 01:12:07 | DEBUG    | strategy.combo:generate_signal:88 |   [EMA_Cross] -> buy (强度=0.40) EMA多头排列, 趋势向上
2026-06-24 01:12:07 | DEBUG    | strategy.combo:generate_signal:88 |   [Donchian_Breakout] -> buy (强度=0.90) 突破20日新高(122.88), ATR=9.08
2026-06-24 01:12:07 | DEBUG    | strategy.combo:generate_signal:88 |   [MACD_Trend] -> buy (强度=0.50) MACD在零轴上方运行, 趋势向上
2026-06-24 01:12:07 | DEBUG    | strategy.combo:generate_signal:88 |   [EMA_Cross] -> buy (强度=0.40) EMA多头排列, 趋势向上
2026-06-24 01:12:07 | DEBUG    | strategy.combo:generate_signal:88 |   [Donchian_Breakout] -> buy (强度=0.30) 价格在通道上部(100%)
2026-06-24 01:12:07 | DEBUG    | strategy.combo:generate_signal:88 |   [MACD_Trend] -> buy (强度=0.50) MACD在零轴上方运行, 趋势向上
2026-06-24 01:12:07 | DEBUG    | strategy.combo:generate_signal:88 |   [EMA_Cross] -> buy (强度=0.40) EMA多头排列, 趋势向上
2026-06-24 01:12:07 | DEBUG    | strategy.combo:generate_signal:88 |   [Donchian_Breakout] -> buy (强度=0.90) 突破20日新高(138.64), ATR=9.56
2026-06-24 01:12:07 | DEBUG    | strategy.combo:generate_signal:88 |   [MACD_Trend] -> buy (强度=0.50) MACD在零轴上方运行, 趋势向上
2026-06-24 01:12:07 | DEBUG    | strategy.combo:generate_signal:88 |   [EMA_Cross] -> buy (强度=0.40) EMA多头排列, 趋势向上
2026-06-24 01:12:07 | DEBUG    | strategy.combo:generate_signal:88 |   [Donchian_Breakout] -> buy (强度=0.30) 价格在通道上部(105%)
2026-06-24 01:12:07 | DEBUG    | strategy.combo:generate_signal:88 |   [MACD_Trend] -> buy (强度=0.50) MACD在零轴上方运行, 趋势向上
2026-06-24 01:12:07 | DEBUG    | strategy.combo:generate_signal:88 |   [EMA_Cross] -> buy (强度=0.40) EMA多头排列, 趋势向上
2026-06-24 01:12:07 | DEBUG    | strategy.combo:generate_signal:88 |   [Donchian_Breakout] -> buy (强度=0.90) 突破20日新高(163.34), ATR=10.21
2026-06-24 01:12:07 | DEBUG    | strategy.combo:generate_signal:88 |   [MACD_Trend] -> buy (强度=0.50) MACD在零轴上方运行, 趋势向上
2026-06-24 01:12:07 | DEBUG    | strategy.combo:generate_signal:88 |   [EMA_Cross] -> buy (强度=0.40) EMA多头排列, 趋势向上
2026-06-24 01:12:07 | DEBUG    | strategy.combo:generate_signal:88 |   [Donchian_Breakout] -> buy (强度=0.30) 价格在通道上部(88%)
2026-06-24 01:12:07 | DEBUG    | strategy.combo:generate_signal:88 |   [MACD_Trend] -> buy (强度=0.50) MACD在零轴上方运行, 趋势向上
2026-06-24 01:12:07 | DEBUG    | strategy.combo:generate_signal:88 |   [EMA_Cross] -> buy (强度=0.40) EMA多头排列, 趋势向上
2026-06-24 01:12:07 | DEBUG    | strategy.combo:generate_signal:88 |   [Donchian_Breakout] -> buy (强度=0.30) 价格在通道上部(73%)
2026-06-24 01:12:07 | DEBUG    | strategy.combo:generate_signal:88 |   [MACD_Trend] -> buy (强度=0.50) MACD在零轴上方运行, 趋势向上
2026-06-24 01:12:07 | DEBUG    | strategy.combo:generate_signal:88 |   [EMA_Cross] -> buy (强度=0.40) EMA多头排列, 趋势向上
2026-06-24 01:12:07 | DEBUG    | strategy.combo:generate_signal:88 |   [Donchian_Breakout] -> buy (强度=0.30) 价格在通道上部(71%)
2026-06-24 01:12:07 | DEBUG    | strategy.combo:generate_signal:88 |   [MACD_Trend] -> buy (强度=0.50) MACD在零轴上方运行, 趋势向上
2026-06-24 01:12:07 | DEBUG    | strategy.combo:generate_signal:88 |   [EMA_Cross] -> buy (强度=0.40) EMA多头排列, 趋势向上
2026-06-24 01:12:07 | DEBUG    | strategy.combo:generate_signal:88 |   [Donchian_Breakout] -> hold (强度=0.00) 价格在通道中部
2026-06-24 01:12:07 | DEBUG    | strategy.combo:generate_signal:88 |   [MACD_Trend] -> buy (强度=0.50) MACD在零轴上方运行, 趋势向上
2026-06-24 01:12:07 | DEBUG    | strategy.combo:generate_signal:88 |   [EMA_Cross] -> buy (强度=0.40) EMA多头排列, 趋势向上
2026-06-24 01:12:07 | DEBUG    | strategy.combo:generate_signal:88 |   [Donchian_Breakout] -> buy (强度=0.30) 价格在通道上部(70%)
2026-06-24 01:12:07 | DEBUG    | strategy.combo:generate_signal:88 |   [MACD_Trend] -> sell (强度=0.80) MACD死叉, DIF=15.662, DEA=15.712
2026-06-24 01:12:07 | DEBUG    | strategy.combo:generate_signal:88 |   [EMA_Cross] -> buy (强度=0.40) EMA多头排列, 趋势向上
2026-06-24 01:12:07 | DEBUG    | strategy.combo:generate_signal:88 |   [Donchian_Breakout] -> hold (强度=0.00) 价格在通道中部
2026-06-24 01:12:07 | DEBUG    | strategy.combo:generate_signal:88 |   [MACD_Trend] -> hold (强度=0.00) MACD无明显信号
2026-06-24 01:12:07 | DEBUG    | strategy.combo:generate_signal:88 |   [EMA_Cross] -> buy (强度=0.40) EMA多头排列, 趋势向上
2026-06-24 01:12:07 | DEBUG    | strategy.combo:generate_signal:88 |   [Donchian_Breakout] -> hold (强度=0.00) 价格在通道中部
2026-06-24 01:12:07 | DEBUG    | strategy.combo:generate_signal:88 |   [MACD_Trend] -> hold (强度=0.00) MACD无明显信号
2026-06-24 01:12:07 | DEBUG    | strategy.combo:generate_signal:88 |   [EMA_Cross] -> buy (强度=0.40) EMA多头排列, 趋势向上
2026-06-24 01:12:07 | DEBUG    | strategy.combo:generate_signal:88 |   [Donchian_Breakout] -> hold (强度=0.00) 价格在通道中部
2026-06-24 01:12:07 | DEBUG    | strategy.combo:generate_signal:88 |   [MACD_Trend] -> hold (强度=0.00) MACD无明显信号
2026-06-24 01:12:07 | DEBUG    | strategy.combo:generate_signal:88 |   [EMA_Cross] -> buy (强度=0.40) EMA多头排列, 趋势向上
2026-06-24 01:12:07 | DEBUG    | strategy.combo:generate_signal:88 |   [Donchian_Breakout] -> hold (强度=0.00) 价格在通道中部
2026-06-24 01:12:07 | DEBUG    | strategy.combo:generate_signal:88 |   [MACD_Trend] -> hold (强度=0.00) MACD无明显信号
2026-06-24 01:12:07 | DEBUG    | strategy.combo:generate_signal:88 |   [EMA_Cross] -> buy (强度=0.40) EMA多头排列, 趋势向上
2026-06-24 01:12:07 | DEBUG    | strategy.combo:generate_signal:88 |   [Donchian_Breakout] -> hold (强度=0.00) 价格在通道中部
2026-06-24 01:12:07 | DEBUG    | strategy.combo:generate_signal:88 |   [MACD_Trend] -> hold (强度=0.00) MACD无明显信号
2026-06-24 01:12:07 | DEBUG    | strategy.combo:generate_signal:88 |   [EMA_Cross] -> buy (强度=0.40) EMA多头排列, 趋势向上
2026-06-24 01:12:07 | DEBUG    | strategy.combo:generate_signal:88 |   [Donchian_Breakout] -> hold (强度=0.00) 价格在通道中部
2026-06-24 01:12:07 | DEBUG    | strategy.combo:generate_signal:88 |   [MACD_Trend] -> hold (强度=0.00) MACD无明显信号
2026-06-24 01:12:07 | DEBUG    | strategy.combo:generate_signal:88 |   [EMA_Cross] -> buy (强度=0.40) EMA多头排列, 趋势向上
2026-06-24 01:12:07 | DEBUG    | strategy.combo:generate_signal:88 |   [Donchian_Breakout] -> hold (强度=0.00) 价格在通道中部
2026-06-24 01:12:07 | DEBUG    | strategy.combo:generate_signal:88 |   [MACD_Trend] -> hold (强度=0.00) MACD无明显信号
2026-06-24 01:12:08 | DEBUG    | strategy.combo:generate_signal:88 |   [EMA_Cross] -> buy (强度=0.40) EMA多头排列, 趋势向上
2026-06-24 01:12:08 | DEBUG    | strategy.combo:generate_signal:88 |   [Donchian_Breakout] -> hold (强度=0.00) 价格在通道中部
2026-06-24 01:12:08 | DEBUG    | strategy.combo:generate_signal:88 |   [MACD_Trend] -> hold (强度=0.00) MACD无明显信号
2026-06-24 01:12:08 | DEBUG    | strategy.combo:generate_signal:88 |   [EMA_Cross] -> buy (强度=0.40) EMA多头排列, 趋势向上
2026-06-24 01:12:08 | DEBUG    | strategy.combo:generate_signal:88 |   [Donchian_Breakout] -> hold (强度=0.00) 价格在通道中部
2026-06-24 01:12:08 | DEBUG    | strategy.combo:generate_signal:88 |   [MACD_Trend] -> hold (强度=0.00) MACD无明显信号
2026-06-24 01:12:08 | DEBUG    | strategy.combo:generate_signal:88 |   [EMA_Cross] -> buy (强度=0.40) EMA多头排列, 趋势向上
2026-06-24 01:12:08 | DEBUG    | strategy.combo:generate_signal:88 |   [Donchian_Breakout] -> hold (强度=0.00) 价格在通道中部
2026-06-24 01:12:08 | DEBUG    | strategy.combo:generate_signal:88 |   [MACD_Trend] -> hold (强度=0.00) MACD无明显信号
2026-06-24 01:12:08 | DEBUG    | strategy.combo:generate_signal:88 |   [EMA_Cross] -> buy (强度=0.40) EMA多头排列, 趋势向上
2026-06-24 01:12:08 | DEBUG    | strategy.combo:generate_signal:88 |   [Donchian_Breakout] -> hold (强度=0.00) 价格在通道中部
2026-06-24 01:12:08 | DEBUG    | strategy.combo:generate_signal:88 |   [MACD_Trend] -> hold (强度=0.00) MACD无明显信号
2026-06-24 01:12:08 | DEBUG    | strategy.combo:generate_signal:88 |   [EMA_Cross] -> buy (强度=0.40) EMA多头排列, 趋势向上
2026-06-24 01:12:08 | DEBUG    | strategy.combo:generate_signal:88 |   [Donchian_Breakout] -> hold (强度=0.00) 价格在通道中部
2026-06-24 01:12:08 | DEBUG    | strategy.combo:generate_signal:88 |   [MACD_Trend] -> hold (强度=0.00) MACD无明显信号
2026-06-24 01:12:08 | DEBUG    | strategy.combo:generate_signal:88 |   [EMA_Cross] -> buy (强度=0.40) EMA多头排列, 趋势向上
2026-06-24 01:12:08 | DEBUG    | strategy.combo:generate_signal:88 |   [Donchian_Breakout] -> hold (强度=0.00) 价格在通道中部
2026-06-24 01:12:08 | DEBUG    | strategy.combo:generate_signal:88 |   [MACD_Trend] -> hold (强度=0.00) MACD无明显信号
2026-06-24 01:12:08 | DEBUG    | strategy.combo:generate_signal:88 |   [EMA_Cross] -> buy (强度=0.40) EMA多头排列, 趋势向上
2026-06-24 01:12:08 | DEBUG    | strategy.combo:generate_signal:88 |   [Donchian_Breakout] -> hold (强度=0.00) 价格在通道中部
2026-06-24 01:12:08 | DEBUG    | strategy.combo:generate_signal:88 |   [MACD_Trend] -> hold (强度=0.00) MACD无明显信号
2026-06-24 01:12:08 | DEBUG    | strategy.combo:generate_signal:88 |   [EMA_Cross] -> buy (强度=0.40) EMA多头排列, 趋势向上
2026-06-24 01:12:08 | DEBUG    | strategy.combo:generate_signal:88 |   [Donchian_Breakout] -> sell (强度=0.80) 跌破10日新低(135.02)
2026-06-24 01:12:08 | DEBUG    | strategy.combo:generate_signal:88 |   [MACD_Trend] -> hold (强度=0.00) MACD无明显信号
2026-06-24 01:12:08 | DEBUG    | strategy.combo:generate_signal:88 |   [EMA_Cross] -> buy (强度=0.40) EMA多头排列, 趋势向上
2026-06-24 01:12:08 | DEBUG    | strategy.combo:generate_signal:88 |   [Donchian_Breakout] -> hold (强度=0.00) 价格在通道中部
2026-06-24 01:12:08 | DEBUG    | strategy.combo:generate_signal:88 |   [MACD_Trend] -> hold (强度=0.00) MACD无明显信号
2026-06-24 01:12:08 | DEBUG    | strategy.combo:generate_signal:88 |   [EMA_Cross] -> buy (强度=0.40) EMA多头排列, 趋势向上
2026-06-24 01:12:08 | DEBUG    | strategy.combo:generate_signal:88 |   [Donchian_Breakout] -> hold (强度=0.00) 价格在通道中部
2026-06-24 01:12:08 | DEBUG    | strategy.combo:generate_signal:88 |   [MACD_Trend] -> hold (强度=0.00) MACD无明显信号
2026-06-24 01:12:08 | DEBUG    | strategy.combo:generate_signal:88 |   [EMA_Cross] -> buy (强度=0.40) EMA多头排列, 趋势向上
2026-06-24 01:12:08 | DEBUG    | strategy.combo:generate_signal:88 |   [Donchian_Breakout] -> hold (强度=0.00) 价格在通道中部
2026-06-24 01:12:08 | DEBUG    | strategy.combo:generate_signal:88 |   [MACD_Trend] -> hold (强度=0.00) MACD无明显信号
2026-06-24 01:12:08 | DEBUG    | strategy.combo:generate_signal:88 |   [EMA_Cross] -> buy (强度=0.40) EMA多头排列, 趋势向上
2026-06-24 01:12:08 | DEBUG    | strategy.combo:generate_signal:88 |   [Donchian_Breakout] -> hold (强度=0.00) 价格在通道中部
2026-06-24 01:12:08 | DEBUG    | strategy.combo:generate_signal:88 |   [MACD_Trend] -> hold (强度=0.00) MACD无明显信号
2026-06-24 01:12:08 | DEBUG    | strategy.combo:generate_signal:88 |   [EMA_Cross] -> buy (强度=0.40) EMA多头排列, 趋势向上
2026-06-24 01:12:08 | DEBUG    | strategy.combo:generate_signal:88 |   [Donchian_Breakout] -> hold (强度=0.00) 价格在通道中部
2026-06-24 01:12:08 | DEBUG    | strategy.combo:generate_signal:88 |   [MACD_Trend] -> hold (强度=0.00) MACD无明显信号
2026-06-24 01:12:08 | DEBUG    | strategy.combo:generate_signal:88 |   [EMA_Cross] -> sell (强度=0.80) EMA死叉
2026-06-24 01:12:08 | DEBUG    | strategy.combo:generate_signal:88 |   [Donchian_Breakout] -> hold (强度=0.00) 价格在通道中部
2026-06-24 01:12:08 | DEBUG    | strategy.combo:generate_signal:88 |   [MACD_Trend] -> hold (强度=0.00) MACD无明显信号
2026-06-24 01:12:08 | DEBUG    | strategy.combo:generate_signal:88 |   [EMA_Cross] -> hold (强度=0.00) 无明显信号
2026-06-24 01:12:08 | DEBUG    | strategy.combo:generate_signal:88 |   [Donchian_Breakout] -> hold (强度=0.00) 价格在通道中部
2026-06-24 01:12:08 | DEBUG    | strategy.combo:generate_signal:88 |   [MACD_Trend] -> hold (强度=0.00) MACD无明显信号
2026-06-24 01:12:08 | DEBUG    | strategy.combo:generate_signal:88 |   [EMA_Cross] -> hold (强度=0.00) 无明显信号
2026-06-24 01:12:08 | DEBUG    | strategy.combo:generate_signal:88 |   [Donchian_Breakout] -> hold (强度=0.00) 价格在通道中部
2026-06-24 01:12:08 | DEBUG    | strategy.combo:generate_signal:88 |   [MACD_Trend] -> hold (强度=0.00) MACD无明显信号
2026-06-24 01:12:08 | DEBUG    | strategy.combo:generate_signal:88 |   [EMA_Cross] -> hold (强度=0.00) 无明显信号
2026-06-24 01:12:08 | DEBUG    | strategy.combo:generate_signal:88 |   [Donchian_Breakout] -> hold (强度=0.00) 价格在通道中部
2026-06-24 01:12:08 | DEBUG    | strategy.combo:generate_signal:88 |   [MACD_Trend] -> hold (强度=0.00) MACD无明显信号
2026-06-24 01:12:08 | DEBUG    | strategy.combo:generate_signal:88 |   [EMA_Cross] -> hold (强度=0.00) 无明显信号
2026-06-24 01:12:08 | DEBUG    | strategy.combo:generate_signal:88 |   [Donchian_Breakout] -> hold (强度=0.00) 价格在通道中部
2026-06-24 01:12:08 | DEBUG    | strategy.combo:generate_signal:88 |   [MACD_Trend] -> hold (强度=0.00) MACD无明显信号
2026-06-24 01:12:08 | DEBUG    | strategy.combo:generate_signal:88 |   [EMA_Cross] -> hold (强度=0.00) 无明显信号
2026-06-24 01:12:08 | DEBUG    | strategy.combo:generate_signal:88 |   [Donchian_Breakout] -> hold (强度=0.00) 价格在通道中部
2026-06-24 01:12:08 | DEBUG    | strategy.combo:generate_signal:88 |   [MACD_Trend] -> hold (强度=0.00) MACD无明显信号
2026-06-24 01:12:08 | DEBUG    | strategy.combo:generate_signal:88 |   [EMA_Cross] -> buy (强度=0.40) EMA多头排列, 趋势向上
2026-06-24 01:12:08 | DEBUG    | strategy.combo:generate_signal:88 |   [Donchian_Breakout] -> hold (强度=0.00) 价格在通道中部
2026-06-24 01:12:08 | DEBUG    | strategy.combo:generate_signal:88 |   [MACD_Trend] -> hold (强度=0.00) MACD无明显信号
2026-06-24 01:12:08 | DEBUG    | strategy.combo:generate_signal:88 |   [EMA_Cross] -> buy (强度=0.40) EMA多头排列, 趋势向上
2026-06-24 01:12:08 | DEBUG    | strategy.combo:generate_signal:88 |   [Donchian_Breakout] -> hold (强度=0.00) 价格在通道中部
2026-06-24 01:12:08 | DEBUG    | strategy.combo:generate_signal:88 |   [MACD_Trend] -> hold (强度=0.00) MACD无明显信号
2026-06-24 01:12:08 | DEBUG    | strategy.combo:generate_signal:88 |   [EMA_Cross] -> sell (强度=0.80) EMA死叉
2026-06-24 01:12:08 | DEBUG    | strategy.combo:generate_signal:88 |   [Donchian_Breakout] -> hold (强度=0.00) 价格在通道中部
2026-06-24 01:12:08 | DEBUG    | strategy.combo:generate_signal:88 |   [MACD_Trend] -> sell (强度=0.50) 价格跌破MA60
2026-06-24 01:12:08 | DEBUG    | strategy.combo:generate_signal:88 |   [EMA_Cross] -> hold (强度=0.00) 无明显信号
2026-06-24 01:12:08 | DEBUG    | strategy.combo:generate_signal:88 |   [Donchian_Breakout] -> hold (强度=0.00) 价格在通道中部
2026-06-24 01:12:08 | DEBUG    | strategy.combo:generate_signal:88 |   [MACD_Trend] -> hold (强度=0.00) MACD无明显信号
2026-06-24 01:12:08 | DEBUG    | strategy.combo:generate_signal:88 |   [EMA_Cross] -> sell (强度=0.70) 价格跌破EMA60趋势线
2026-06-24 01:12:08 | DEBUG    | strategy.combo:generate_signal:88 |   [Donchian_Breakout] -> sell (强度=0.80) 跌破10日新低(120.93)
2026-06-24 01:12:08 | DEBUG    | strategy.combo:generate_signal:88 |   [MACD_Trend] -> hold (强度=0.00) MACD无明显信号
2026-06-24 01:12:08 | DEBUG    | strategy.combo:generate_signal:88 |   [EMA_Cross] -> hold (强度=0.00) 无明显信号
2026-06-24 01:12:08 | DEBUG    | strategy.combo:generate_signal:88 |   [Donchian_Breakout] -> hold (强度=0.00) 价格在通道中部
2026-06-24 01:12:08 | DEBUG    | strategy.combo:generate_signal:88 |   [MACD_Trend] -> hold (强度=0.00) MACD无明显信号
2026-06-24 01:12:08 | DEBUG    | strategy.combo:generate_signal:88 |   [EMA_Cross] -> hold (强度=0.00) 无明显信号
2026-06-24 01:12:08 | DEBUG    | strategy.combo:generate_signal:88 |   [Donchian_Breakout] -> hold (强度=0.00) 价格在通道中部
2026-06-24 01:12:08 | DEBUG    | strategy.combo:generate_signal:88 |   [MACD_Trend] -> hold (强度=0.00) MACD无明显信号
2026-06-24 01:12:08 | DEBUG    | strategy.combo:generate_signal:88 |   [EMA_Cross] -> hold (强度=0.00) 无明显信号
2026-06-24 01:12:08 | DEBUG    | strategy.combo:generate_signal:88 |   [Donchian_Breakout] -> hold (强度=0.00) 价格在通道中部
2026-06-24 01:12:08 | DEBUG    | strategy.combo:generate_signal:88 |   [MACD_Trend] -> hold (强度=0.00) MACD无明显信号
2026-06-24 01:12:08 | DEBUG    | strategy.combo:generate_signal:88 |   [EMA_Cross] -> hold (强度=0.00) 无明显信号
2026-06-24 01:12:08 | DEBUG    | strategy.combo:generate_signal:88 |   [Donchian_Breakout] -> hold (强度=0.00) 价格在通道中部
2026-06-24 01:12:08 | DEBUG    | strategy.combo:generate_signal:88 |   [MACD_Trend] -> hold (强度=0.00) MACD无明显信号
2026-06-24 01:12:08 | DEBUG    | strategy.combo:generate_signal:88 |   [EMA_Cross] -> hold (强度=0.00) 无明显信号
2026-06-24 01:12:08 | DEBUG    | strategy.combo:generate_signal:88 |   [Donchian_Breakout] -> sell (强度=0.80) 跌破10日新低(116.14)
2026-06-24 01:12:08 | DEBUG    | strategy.combo:generate_signal:88 |   [MACD_Trend] -> hold (强度=0.00) MACD无明显信号
2026-06-24 01:12:08 | DEBUG    | strategy.combo:generate_signal:88 |   [EMA_Cross] -> hold (强度=0.00) 无明显信号
2026-06-24 01:12:08 | DEBUG    | strategy.combo:generate_signal:88 |   [Donchian_Breakout] -> hold (强度=0.00) 价格在通道中部
2026-06-24 01:12:08 | DEBUG    | strategy.combo:generate_signal:88 |   [MACD_Trend] -> hold (强度=0.00) MACD无明显信号
2026-06-24 01:12:08 | DEBUG    | strategy.combo:generate_signal:88 |   [EMA_Cross] -> hold (强度=0.00) 无明显信号
2026-06-24 01:12:08 | DEBUG    | strategy.combo:generate_signal:88 |   [Donchian_Breakout] -> hold (强度=0.00) 价格在通道中部
2026-06-24 01:12:08 | DEBUG    | strategy.combo:generate_signal:88 |   [MACD_Trend] -> hold (强度=0.00) MACD无明显信号
2026-06-24 01:12:08 | DEBUG    | strategy.combo:generate_signal:88 |   [EMA_Cross] -> sell (强度=0.70) 价格跌破EMA60趋势线
2026-06-24 01:12:08 | DEBUG    | strategy.combo:generate_signal:88 |   [Donchian_Breakout] -> hold (强度=0.00) 价格在通道中部
2026-06-24 01:12:08 | DEBUG    | strategy.combo:generate_signal:88 |   [MACD_Trend] -> hold (强度=0.00) MACD无明显信号
2026-06-24 01:12:08 | DEBUG    | strategy.combo:generate_signal:88 |   [EMA_Cross] -> hold (强度=0.00) 无明显信号
2026-06-24 01:12:08 | DEBUG    | strategy.combo:generate_signal:88 |   [Donchian_Breakout] -> hold (强度=0.00) 价格在通道中部
2026-06-24 01:12:08 | DEBUG    | strategy.combo:generate_signal:88 |   [MACD_Trend] -> hold (强度=0.00) MACD无明显信号
2026-06-24 01:12:08 | DEBUG    | strategy.combo:generate_signal:88 |   [EMA_Cross] -> hold (强度=0.00) 无明显信号
2026-06-24 01:12:08 | DEBUG    | strategy.combo:generate_signal:88 |   [Donchian_Breakout] -> sell (强度=0.80) 跌破10日新低(114.28)
2026-06-24 01:12:08 | DEBUG    | strategy.combo:generate_signal:88 |   [MACD_Trend] -> hold (强度=0.00) MACD无明显信号
2026-06-24 01:12:08 | DEBUG    | strategy.combo:generate_signal:88 |   [EMA_Cross] -> hold (强度=0.00) 无明显信号
2026-06-24 01:12:08 | DEBUG    | strategy.combo:generate_signal:88 |   [Donchian_Breakout] -> hold (强度=0.00) 价格在通道中部
2026-06-24 01:12:08 | DEBUG    | strategy.combo:generate_signal:88 |   [MACD_Trend] -> hold (强度=0.00) MACD无明显信号
2026-06-24 01:12:08 | DEBUG    | strategy.combo:generate_signal:88 |   [EMA_Cross] -> hold (强度=0.00) 无明显信号
2026-06-24 01:12:08 | DEBUG    | strategy.combo:generate_signal:88 |   [Donchian_Breakout] -> hold (强度=0.00) 价格在通道中部
2026-06-24 01:12:08 | DEBUG    | strategy.combo:generate_signal:88 |   [MACD_Trend] -> hold (强度=0.00) MACD无明显信号
2026-06-24 01:12:08 | DEBUG    | strategy.combo:generate_signal:88 |   [EMA_Cross] -> hold (强度=0.00) 无明显信号
2026-06-24 01:12:08 | DEBUG    | strategy.combo:generate_signal:88 |   [Donchian_Breakout] -> hold (强度=0.00) 价格在通道中部
2026-06-24 01:12:08 | DEBUG    | strategy.combo:generate_signal:88 |   [MACD_Trend] -> hold (强度=0.00) MACD无明显信号
2026-06-24 01:12:08 | DEBUG    | strategy.combo:generate_signal:88 |   [EMA_Cross] -> hold (强度=0.00) 无明显信号
2026-06-24 01:12:08 | DEBUG    | strategy.combo:generate_signal:88 |   [Donchian_Breakout] -> hold (强度=0.00) 价格在通道中部
2026-06-24 01:12:08 | DEBUG    | strategy.combo:generate_signal:88 |   [MACD_Trend] -> hold (强度=0.00) MACD无明显信号
2026-06-24 01:12:08 | DEBUG    | strategy.combo:generate_signal:88 |   [EMA_Cross] -> hold (强度=0.00) 无明显信号
2026-06-24 01:12:08 | DEBUG    | strategy.combo:generate_signal:88 |   [Donchian_Breakout] -> hold (强度=0.00) 价格在通道中部
2026-06-24 01:12:08 | DEBUG    | strategy.combo:generate_signal:88 |   [MACD_Trend] -> hold (强度=0.00) MACD无明显信号
2026-06-24 01:12:08 | DEBUG    | strategy.combo:generate_signal:88 |   [EMA_Cross] -> hold (强度=0.00) 无明显信号
2026-06-24 01:12:08 | DEBUG    | strategy.combo:generate_signal:88 |   [Donchian_Breakout] -> hold (强度=0.00) 价格在通道中部
2026-06-24 01:12:08 | DEBUG    | strategy.combo:generate_signal:88 |   [MACD_Trend] -> hold (强度=0.00) MACD无明显信号
2026-06-24 01:12:08 | DEBUG    | strategy.combo:generate_signal:88 |   [EMA_Cross] -> hold (强度=0.00) 无明显信号
2026-06-24 01:12:08 | DEBUG    | strategy.combo:generate_signal:88 |   [Donchian_Breakout] -> hold (强度=0.00) 价格在通道中部
2026-06-24 01:12:08 | DEBUG    | strategy.combo:generate_signal:88 |   [MACD_Trend] -> hold (强度=0.00) MACD无明显信号
2026-06-24 01:12:08 | DEBUG    | strategy.combo:generate_signal:88 |   [EMA_Cross] -> hold (强度=0.00) 无明显信号
2026-06-24 01:12:08 | DEBUG    | strategy.combo:generate_signal:88 |   [Donchian_Breakout] -> hold (强度=0.00) 价格在通道中部
2026-06-24 01:12:08 | DEBUG    | strategy.combo:generate_signal:88 |   [MACD_Trend] -> hold (强度=0.00) MACD无明显信号
2026-06-24 01:12:08 | DEBUG    | strategy.combo:generate_signal:88 |   [EMA_Cross] -> hold (强度=0.00) 无明显信号
2026-06-24 01:12:08 | DEBUG    | strategy.combo:generate_signal:88 |   [Donchian_Breakout] -> hold (强度=0.00) 价格在通道中部
2026-06-24 01:12:08 | DEBUG    | strategy.combo:generate_signal:88 |   [MACD_Trend] -> hold (强度=0.00) MACD无明显信号
2026-06-24 01:12:08 | DEBUG    | strategy.combo:generate_signal:88 |   [EMA_Cross] -> hold (强度=0.00) 无明显信号
2026-06-24 01:12:08 | DEBUG    | strategy.combo:generate_signal:88 |   [Donchian_Breakout] -> sell (强度=0.80) 跌破10日新低(105.07)
2026-06-24 01:12:08 | DEBUG    | strategy.combo:generate_signal:88 |   [MACD_Trend] -> hold (强度=0.00) MACD无明显信号
2026-06-24 01:12:08 | DEBUG    | strategy.combo:generate_signal:88 |   [EMA_Cross] -> hold (强度=0.00) 无明显信号
2026-06-24 01:12:08 | DEBUG    | strategy.combo:generate_signal:88 |   [Donchian_Breakout] -> hold (强度=0.00) 价格在通道中部
2026-06-24 01:12:08 | DEBUG    | strategy.combo:generate_signal:88 |   [MACD_Trend] -> hold (强度=0.00) MACD无明显信号
2026-06-24 01:12:08 | DEBUG    | strategy.combo:generate_signal:88 |   [EMA_Cross] -> hold (强度=0.00) 无明显信号
2026-06-24 01:12:08 | DEBUG    | strategy.combo:generate_signal:88 |   [Donchian_Breakout] -> hold (强度=0.00) 价格在通道中部
2026-06-24 01:12:08 | DEBUG    | strategy.combo:generate_signal:88 |   [MACD_Trend] -> hold (强度=0.00) MACD无明显信号
2026-06-24 01:12:08 | DEBUG    | strategy.combo:generate_signal:88 |   [EMA_Cross] -> hold (强度=0.00) 无明显信号
2026-06-24 01:12:08 | DEBUG    | strategy.combo:generate_signal:88 |   [Donchian_Breakout] -> hold (强度=0.00) 价格在通道中部
2026-06-24 01:12:08 | DEBUG    | strategy.combo:generate_signal:88 |   [MACD_Trend] -> hold (强度=0.00) MACD无明显信号
2026-06-24 01:12:08 | DEBUG    | strategy.combo:generate_signal:88 |   [EMA_Cross] -> hold (强度=0.00) 无明显信号
2026-06-24 01:12:08 | DEBUG    | strategy.combo:generate_signal:88 |   [Donchian_Breakout] -> hold (强度=0.00) 价格在通道中部
2026-06-24 01:12:08 | DEBUG    | strategy.combo:generate_signal:88 |   [MACD_Trend] -> sell (强度=0.80) MACD死叉, DIF=-5.389, DEA=-5.245
2026-06-24 01:12:08 | DEBUG    | strategy.combo:generate_signal:88 |   [EMA_Cross] -> hold (强度=0.00) 无明显信号
2026-06-24 01:12:08 | DEBUG    | strategy.combo:generate_signal:88 |   [Donchian_Breakout] -> sell (强度=0.80) 跌破10日新低(101.09)
2026-06-24 01:12:08 | DEBUG    | strategy.combo:generate_signal:88 |   [MACD_Trend] -> hold (强度=0.00) MACD无明显信号
2026-06-24 01:12:08 | DEBUG    | strategy.combo:generate_signal:88 |   [EMA_Cross] -> hold (强度=0.00) 无明显信号
2026-06-24 01:12:08 | DEBUG    | strategy.combo:generate_signal:88 |   [Donchian_Breakout] -> sell (强度=0.80) 跌破10日新低(96.55)
2026-06-24 01:12:08 | DEBUG    | strategy.combo:generate_signal:88 |   [MACD_Trend] -> hold (强度=0.00) MACD无明显信号
2026-06-24 01:12:08 | DEBUG    | strategy.combo:generate_signal:88 |   [EMA_Cross] -> hold (强度=0.00) 无明显信号
2026-06-24 01:12:08 | DEBUG    | strategy.combo:generate_signal:88 |   [Donchian_Breakout] -> hold (强度=0.00) 价格在通道中部
2026-06-24 01:12:08 | DEBUG    | strategy.combo:generate_signal:88 |   [MACD_Trend] -> hold (强度=0.00) MACD无明显信号
2026-06-24 01:12:08 | DEBUG    | strategy.combo:generate_signal:88 |   [EMA_Cross] -> hold (强度=0.00) 无明显信号
2026-06-24 01:12:08 | DEBUG    | strategy.combo:generate_signal:88 |   [Donchian_Breakout] -> hold (强度=0.00) 价格在通道中部
2026-06-24 01:12:08 | DEBUG    | strategy.combo:generate_signal:88 |   [MACD_Trend] -> hold (强度=0.00) MACD无明显信号
2026-06-24 01:12:08 | DEBUG    | strategy.combo:generate_signal:88 |   [EMA_Cross] -> hold (强度=0.00) 无明显信号
2026-06-24 01:12:08 | DEBUG    | strategy.combo:generate_signal:88 |   [Donchian_Breakout] -> hold (强度=0.00) 价格在通道中部
2026-06-24 01:12:08 | DEBUG    | strategy.combo:generate_signal:88 |   [MACD_Trend] -> hold (强度=0.00) MACD无明显信号
2026-06-24 01:12:08 | DEBUG    | strategy.combo:generate_signal:88 |   [EMA_Cross] -> hold (强度=0.00) 无明显信号
2026-06-24 01:12:08 | DEBUG    | strategy.combo:generate_signal:88 |   [Donchian_Breakout] -> hold (强度=0.00) 价格在通道中部
2026-06-24 01:12:08 | DEBUG    | strategy.combo:generate_signal:88 |   [MACD_Trend] -> hold (强度=0.00) MACD无明显信号
2026-06-24 01:12:08 | DEBUG    | strategy.combo:generate_signal:88 |   [EMA_Cross] -> hold (强度=0.00) 无明显信号
2026-06-24 01:12:08 | DEBUG    | strategy.combo:generate_signal:88 |   [Donchian_Breakout] -> hold (强度=0.00) 价格在通道中部
2026-06-24 01:12:08 | DEBUG    | strategy.combo:generate_signal:88 |   [MACD_Trend] -> hold (强度=0.00) MACD无明显信号
2026-06-24 01:12:08 | DEBUG    | strategy.combo:generate_signal:88 |   [EMA_Cross] -> hold (强度=0.00) 无明显信号
2026-06-24 01:12:08 | DEBUG    | strategy.combo:generate_signal:88 |   [Donchian_Breakout] -> hold (强度=0.00) 价格在通道中部
2026-06-24 01:12:08 | DEBUG    | strategy.combo:generate_signal:88 |   [MACD_Trend] -> hold (强度=0.00) MACD无明显信号
2026-06-24 01:12:08 | DEBUG    | strategy.combo:generate_signal:88 |   [EMA_Cross] -> hold (强度=0.00) 无明显信号
2026-06-24 01:12:08 | DEBUG    | strategy.combo:generate_signal:88 |   [Donchian_Breakout] -> buy (强度=0.30) 价格在通道上部(79%)
2026-06-24 01:12:08 | DEBUG    | strategy.combo:generate_signal:88 |   [MACD_Trend] -> hold (强度=0.00) MACD无明显信号
2026-06-24 01:12:08 | DEBUG    | strategy.combo:generate_signal:88 |   [EMA_Cross] -> hold (强度=0.00) 无明显信号
2026-06-24 01:12:08 | DEBUG    | strategy.combo:generate_signal:88 |   [Donchian_Breakout] -> buy (强度=0.30) 价格在通道上部(98%)
2026-06-24 01:12:08 | DEBUG    | strategy.combo:generate_signal:88 |   [MACD_Trend] -> hold (强度=0.00) MACD无明显信号
2026-06-24 01:12:08 | DEBUG    | strategy.combo:generate_signal:88 |   [EMA_Cross] -> sell (强度=0.70) 价格跌破EMA60趋势线
2026-06-24 01:12:08 | DEBUG    | strategy.combo:generate_signal:88 |   [Donchian_Breakout] -> hold (强度=0.00) 价格在通道中部
2026-06-24 01:12:08 | DEBUG    | strategy.combo:generate_signal:88 |   [MACD_Trend] -> hold (强度=0.00) MACD无明显信号
2026-06-24 01:12:08 | DEBUG    | strategy.combo:generate_signal:88 |   [EMA_Cross] -> hold (强度=0.00) 无明显信号
2026-06-24 01:12:08 | DEBUG    | strategy.combo:generate_signal:88 |   [Donchian_Breakout] -> hold (强度=0.00) 价格在通道中部
2026-06-24 01:12:08 | DEBUG    | strategy.combo:generate_signal:88 |   [MACD_Trend] -> hold (强度=0.00) MACD无明显信号
2026-06-24 01:12:08 | DEBUG    | strategy.combo:generate_signal:88 |   [EMA_Cross] -> hold (强度=0.00) 无明显信号
2026-06-24 01:12:08 | DEBUG    | strategy.combo:generate_signal:88 |   [Donchian_Breakout] -> hold (强度=0.00) 价格在通道中部
2026-06-24 01:12:08 | DEBUG    | strategy.combo:generate_signal:88 |   [MACD_Trend] -> sell (强度=0.60) MACD柱状图连续缩短, 动能衰减
2026-06-24 01:12:08 | DEBUG    | strategy.combo:generate_signal:88 |   [EMA_Cross] -> hold (强度=0.00) 无明显信号
2026-06-24 01:12:08 | DEBUG    | strategy.combo:generate_signal:88 |   [Donchian_Breakout] -> hold (强度=0.00) 价格在通道中部
2026-06-24 01:12:08 | DEBUG    | strategy.combo:generate_signal:88 |   [MACD_Trend] -> sell (强度=0.60) MACD柱状图连续缩短, 动能衰减
2026-06-24 01:12:08 | DEBUG    | strategy.combo:generate_signal:88 |   [EMA_Cross] -> hold (强度=0.00) 无明显信号
2026-06-24 01:12:08 | DEBUG    | strategy.combo:generate_signal:88 |   [Donchian_Breakout] -> hold (强度=0.00) 价格在通道中部
2026-06-24 01:12:08 | DEBUG    | strategy.combo:generate_signal:88 |   [MACD_Trend] -> sell (强度=0.60) MACD柱状图连续缩短, 动能衰减
2026-06-24 01:12:08 | DEBUG    | strategy.combo:generate_signal:88 |   [EMA_Cross] -> hold (强度=0.00) 无明显信号
2026-06-24 01:12:08 | DEBUG    | strategy.combo:generate_signal:88 |   [Donchian_Breakout] -> hold (强度=0.00) 价格在通道中部
2026-06-24 01:12:08 | DEBUG    | strategy.combo:generate_signal:88 |   [MACD_Trend] -> sell (强度=0.60) MACD柱状图连续缩短, 动能衰减
2026-06-24 01:12:08 | DEBUG    | strategy.combo:generate_signal:88 |   [EMA_Cross] -> hold (强度=0.00) 无明显信号
2026-06-24 01:12:08 | DEBUG    | strategy.combo:generate_signal:88 |   [Donchian_Breakout] -> hold (强度=0.00) 价格在通道中部
2026-06-24 01:12:08 | DEBUG    | strategy.combo:generate_signal:88 |   [MACD_Trend] -> sell (强度=0.80) MACD死叉, DIF=-2.452, DEA=-2.343
2026-06-24 01:12:08 | DEBUG    | strategy.combo:generate_signal:88 |   [EMA_Cross] -> hold (强度=0.00) 无明显信号
2026-06-24 01:12:08 | DEBUG    | strategy.combo:generate_signal:88 |   [Donchian_Breakout] -> sell (强度=0.80) 跌破10日新低(97.01)
2026-06-24 01:12:08 | DEBUG    | strategy.combo:generate_signal:88 |   [MACD_Trend] -> hold (强度=0.00) MACD无明显信号
2026-06-24 01:12:08 | DEBUG    | strategy.combo:generate_signal:88 |   [EMA_Cross] -> hold (强度=0.00) 无明显信号
2026-06-24 01:12:08 | DEBUG    | strategy.combo:generate_signal:88 |   [Donchian_Breakout] -> hold (强度=0.00) 价格在通道中部
2026-06-24 01:12:08 | DEBUG    | strategy.combo:generate_signal:88 |   [MACD_Trend] -> hold (强度=0.00) MACD无明显信号
2026-06-24 01:12:08 | DEBUG    | strategy.combo:generate_signal:88 |   [EMA_Cross] -> hold (强度=0.00) 无明显信号
2026-06-24 01:12:08 | DEBUG    | strategy.combo:generate_signal:88 |   [Donchian_Breakout] -> hold (强度=0.00) 价格在通道中部
2026-06-24 01:12:08 | DEBUG    | strategy.combo:generate_signal:88 |   [MACD_Trend] -> hold (强度=0.00) MACD无明显信号
2026-06-24 01:12:08 | DEBUG    | strategy.combo:generate_signal:88 |   [EMA_Cross] -> hold (强度=0.00) 无明显信号
2026-06-24 01:12:08 | DEBUG    | strategy.combo:generate_signal:88 |   [Donchian_Breakout] -> hold (强度=0.00) 价格在通道中部
2026-06-24 01:12:08 | DEBUG    | strategy.combo:generate_signal:88 |   [MACD_Trend] -> hold (强度=0.00) MACD无明显信号
2026-06-24 01:12:08 | DEBUG    | strategy.combo:generate_signal:88 |   [EMA_Cross] -> hold (强度=0.00) 无明显信号
2026-06-24 01:12:08 | DEBUG    | strategy.combo:generate_signal:88 |   [Donchian_Breakout] -> hold (强度=0.00) 价格在通道中部
2026-06-24 01:12:08 | DEBUG    | strategy.combo:generate_signal:88 |   [MACD_Trend] -> hold (强度=0.00) MACD无明显信号
2026-06-24 01:12:08 | DEBUG    | strategy.combo:generate_signal:88 |   [EMA_Cross] -> hold (强度=0.00) 无明显信号
2026-06-24 01:12:08 | DEBUG    | strategy.combo:generate_signal:88 |   [Donchian_Breakout] -> sell (强度=0.80) 跌破10日新低(92.39)
2026-06-24 01:12:08 | DEBUG    | strategy.combo:generate_signal:88 |   [MACD_Trend] -> hold (强度=0.00) MACD无明显信号
2026-06-24 01:12:08 | DEBUG    | strategy.combo:generate_signal:88 |   [EMA_Cross] -> hold (强度=0.00) 无明显信号
2026-06-24 01:12:08 | DEBUG    | strategy.combo:generate_signal:88 |   [Donchian_Breakout] -> hold (强度=0.00) 价格在通道中部
2026-06-24 01:12:08 | DEBUG    | strategy.combo:generate_signal:88 |   [MACD_Trend] -> hold (强度=0.00) MACD无明显信号
2026-06-24 01:12:08 | DEBUG    | strategy.combo:generate_signal:88 |   [EMA_Cross] -> hold (强度=0.00) 无明显信号
2026-06-24 01:12:08 | DEBUG    | strategy.combo:generate_signal:88 |   [Donchian_Breakout] -> hold (强度=0.00) 价格在通道中部
2026-06-24 01:12:08 | DEBUG    | strategy.combo:generate_signal:88 |   [MACD_Trend] -> hold (强度=0.00) MACD无明显信号
2026-06-24 01:12:08 | DEBUG    | strategy.combo:generate_signal:88 |   [EMA_Cross] -> hold (强度=0.00) 无明显信号
2026-06-24 01:12:08 | DEBUG    | strategy.combo:generate_signal:88 |   [Donchian_Breakout] -> hold (强度=0.00) 价格在通道中部
2026-06-24 01:12:08 | DEBUG    | strategy.combo:generate_signal:88 |   [MACD_Trend] -> hold (强度=0.00) MACD无明显信号
2026-06-24 01:12:08 | DEBUG    | strategy.combo:generate_signal:88 |   [EMA_Cross] -> hold (强度=0.00) 无明显信号
2026-06-24 01:12:08 | DEBUG    | strategy.combo:generate_signal:88 |   [Donchian_Breakout] -> hold (强度=0.00) 价格在通道中部
2026-06-24 01:12:08 | DEBUG    | strategy.combo:generate_signal:88 |   [MACD_Trend] -> hold (强度=0.00) MACD无明显信号
2026-06-24 01:12:08 | DEBUG    | strategy.combo:generate_signal:88 |   [EMA_Cross] -> hold (强度=0.00) 无明显信号
2026-06-24 01:12:08 | DEBUG    | strategy.combo:generate_signal:88 |   [Donchian_Breakout] -> sell (强度=0.80) 跌破10日新低(85.15)
2026-06-24 01:12:08 | DEBUG    | strategy.combo:generate_signal:88 |   [MACD_Trend] -> hold (强度=0.00) MACD无明显信号
2026-06-24 01:12:08 | DEBUG    | strategy.combo:generate_signal:88 |   [EMA_Cross] -> hold (强度=0.00) 无明显信号
2026-06-24 01:12:08 | DEBUG    | strategy.combo:generate_signal:88 |   [Donchian_Breakout] -> hold (强度=0.00) 价格在通道中部
2026-06-24 01:12:08 | DEBUG    | strategy.combo:generate_signal:88 |   [MACD_Trend] -> hold (强度=0.00) MACD无明显信号
2026-06-24 01:12:08 | DEBUG    | strategy.combo:generate_signal:88 |   [EMA_Cross] -> hold (强度=0.00) 无明显信号
2026-06-24 01:12:08 | DEBUG    | strategy.combo:generate_signal:88 |   [Donchian_Breakout] -> hold (强度=0.00) 价格在通道中部
2026-06-24 01:12:08 | DEBUG    | strategy.combo:generate_signal:88 |   [MACD_Trend] -> hold (强度=0.00) MACD无明显信号
2026-06-24 01:12:08 | DEBUG    | strategy.combo:generate_signal:88 |   [EMA_Cross] -> hold (强度=0.00) 无明显信号
2026-06-24 01:12:08 | DEBUG    | strategy.combo:generate_signal:88 |   [Donchian_Breakout] -> hold (强度=0.00) 价格在通道中部
2026-06-24 01:12:08 | DEBUG    | strategy.combo:generate_signal:88 |   [MACD_Trend] -> hold (强度=0.00) MACD无明显信号
2026-06-24 01:12:08 | DEBUG    | strategy.combo:generate_signal:88 |   [EMA_Cross] -> hold (强度=0.00) 无明显信号
2026-06-24 01:12:08 | DEBUG    | strategy.combo:generate_signal:88 |   [Donchian_Breakout] -> hold (强度=0.00) 价格在通道中部
2026-06-24 01:12:08 | DEBUG    | strategy.combo:generate_signal:88 |   [MACD_Trend] -> hold (强度=0.00) MACD无明显信号
2026-06-24 01:12:08 | DEBUG    | strategy.combo:generate_signal:88 |   [EMA_Cross] -> hold (强度=0.00) 无明显信号
2026-06-24 01:12:08 | DEBUG    | strategy.combo:generate_signal:88 |   [Donchian_Breakout] -> hold (强度=0.00) 价格在通道中部
2026-06-24 01:12:08 | DEBUG    | strategy.combo:generate_signal:88 |   [MACD_Trend] -> hold (强度=0.00) MACD无明显信号
2026-06-24 01:12:08 | DEBUG    | strategy.combo:generate_signal:88 |   [EMA_Cross] -> hold (强度=0.00) 无明显信号
2026-06-24 01:12:08 | DEBUG    | strategy.combo:generate_signal:88 |   [Donchian_Breakout] -> hold (强度=0.00) 价格在通道中部
2026-06-24 01:12:08 | DEBUG    | strategy.combo:generate_signal:88 |   [MACD_Trend] -> hold (强度=0.00) MACD无明显信号
2026-06-24 01:12:08 | DEBUG    | strategy.combo:generate_signal:88 |   [EMA_Cross] -> hold (强度=0.00) 无明显信号
2026-06-24 01:12:08 | DEBUG    | strategy.combo:generate_signal:88 |   [Donchian_Breakout] -> buy (强度=0.30) 价格在通道上部(77%)
2026-06-24 01:12:08 | DEBUG    | strategy.combo:generate_signal:88 |   [MACD_Trend] -> hold (强度=0.00) MACD无明显信号
2026-06-24 01:12:08 | DEBUG    | strategy.combo:generate_signal:88 |   [EMA_Cross] -> hold (强度=0.00) 无明显信号
2026-06-24 01:12:08 | DEBUG    | strategy.combo:generate_signal:88 |   [Donchian_Breakout] -> buy (强度=0.30) 价格在通道上部(99%)
2026-06-24 01:12:08 | DEBUG    | strategy.combo:generate_signal:88 |   [MACD_Trend] -> hold (强度=0.00) MACD无明显信号
2026-06-24 01:12:08 | DEBUG    | strategy.combo:generate_signal:88 |   [EMA_Cross] -> hold (强度=0.00) 无明显信号
2026-06-24 01:12:08 | DEBUG    | strategy.combo:generate_signal:88 |   [Donchian_Breakout] -> buy (强度=0.30) 价格在通道上部(85%)
2026-06-24 01:12:08 | DEBUG    | strategy.combo:generate_signal:88 |   [MACD_Trend] -> hold (强度=0.00) MACD无明显信号
2026-06-24 01:12:08 | DEBUG    | strategy.combo:generate_signal:88 |   [EMA_Cross] -> hold (强度=0.00) 无明显信号
2026-06-24 01:12:08 | DEBUG    | strategy.combo:generate_signal:88 |   [Donchian_Breakout] -> buy (强度=0.30) 价格在通道上部(81%)
2026-06-24 01:12:08 | DEBUG    | strategy.combo:generate_signal:88 |   [MACD_Trend] -> sell (强度=0.50) 价格跌破MA60
2026-06-24 01:12:08 | DEBUG    | strategy.combo:generate_signal:88 |   [EMA_Cross] -> sell (强度=0.70) 价格跌破EMA60趋势线
2026-06-24 01:12:08 | DEBUG    | strategy.combo:generate_signal:88 |   [Donchian_Breakout] -> hold (强度=0.00) 价格在通道中部
2026-06-24 01:12:08 | DEBUG    | strategy.combo:generate_signal:88 |   [MACD_Trend] -> hold (强度=0.00) MACD无明显信号
2026-06-24 01:12:08 | DEBUG    | strategy.combo:generate_signal:88 |   [EMA_Cross] -> hold (强度=0.00) 无明显信号
2026-06-24 01:12:08 | DEBUG    | strategy.combo:generate_signal:88 |   [Donchian_Breakout] -> buy (强度=0.30) 价格在通道上部(88%)
2026-06-24 01:12:08 | DEBUG    | strategy.combo:generate_signal:88 |   [MACD_Trend] -> hold (强度=0.00) MACD无明显信号
2026-06-24 01:12:08 | DEBUG    | strategy.combo:generate_signal:88 |   [EMA_Cross] -> sell (强度=0.70) 价格跌破EMA60趋势线
2026-06-24 01:12:08 | DEBUG    | strategy.combo:generate_signal:88 |   [Donchian_Breakout] -> buy (强度=0.30) 价格在通道上部(74%)
2026-06-24 01:12:08 | DEBUG    | strategy.combo:generate_signal:88 |   [MACD_Trend] -> sell (强度=0.50) 价格跌破MA60
2026-06-24 01:12:08 | DEBUG    | strategy.combo:generate_signal:88 |   [EMA_Cross] -> hold (强度=0.00) 无明显信号
2026-06-24 01:12:08 | DEBUG    | strategy.combo:generate_signal:88 |   [Donchian_Breakout] -> buy (强度=0.30) 价格在通道上部(79%)
2026-06-24 01:12:08 | DEBUG    | strategy.combo:generate_signal:88 |   [MACD_Trend] -> hold (强度=0.00) MACD无明显信号
2026-06-24 01:12:08 | DEBUG    | strategy.combo:generate_signal:88 |   [EMA_Cross] -> hold (强度=0.00) 无明显信号
2026-06-24 01:12:08 | DEBUG    | strategy.combo:generate_signal:88 |   [Donchian_Breakout] -> hold (强度=0.00) 价格在通道中部
2026-06-24 01:12:08 | DEBUG    | strategy.combo:generate_signal:88 |   [MACD_Trend] -> sell (强度=0.60) MACD柱状图连续缩短, 动能衰减
2026-06-24 01:12:08 | DEBUG    | strategy.combo:generate_signal:88 |   [EMA_Cross] -> hold (强度=0.00) 无明显信号
2026-06-24 01:12:08 | DEBUG    | strategy.combo:generate_signal:88 |   [Donchian_Breakout] -> hold (强度=0.00) 价格在通道中部
2026-06-24 01:12:08 | DEBUG    | strategy.combo:generate_signal:88 |   [MACD_Trend] -> sell (强度=0.60) MACD柱状图连续缩短, 动能衰减
2026-06-24 01:12:08 | DEBUG    | strategy.combo:generate_signal:88 |   [EMA_Cross] -> sell (强度=0.80) EMA死叉
2026-06-24 01:12:08 | DEBUG    | strategy.combo:generate_signal:88 |   [Donchian_Breakout] -> sell (强度=0.80) 跌破10日新低(94.95)
2026-06-24 01:12:08 | DEBUG    | strategy.combo:generate_signal:88 |   [MACD_Trend] -> sell (强度=0.60) MACD柱状图连续缩短, 动能衰减
2026-06-24 01:12:08 | DEBUG    | strategy.combo:generate_signal:88 |   [EMA_Cross] -> hold (强度=0.00) 无明显信号
2026-06-24 01:12:08 | DEBUG    | strategy.combo:generate_signal:88 |   [Donchian_Breakout] -> hold (强度=0.00) 价格在通道中部
2026-06-24 01:12:08 | DEBUG    | strategy.combo:generate_signal:88 |   [MACD_Trend] -> sell (强度=0.80) MACD死叉, DIF=-0.078, DEA=0.001
2026-06-24 01:12:08 | DEBUG    | strategy.combo:generate_signal:88 |   [EMA_Cross] -> hold (强度=0.00) 无明显信号
2026-06-24 01:12:08 | DEBUG    | strategy.combo:generate_signal:88 |   [Donchian_Breakout] -> hold (强度=0.00) 价格在通道中部
2026-06-24 01:12:09 | DEBUG    | strategy.combo:generate_signal:88 |   [MACD_Trend] -> hold (强度=0.00) MACD无明显信号
2026-06-24 01:12:09 | DEBUG    | strategy.combo:generate_signal:88 |   [EMA_Cross] -> hold (强度=0.00) 无明显信号
2026-06-24 01:12:09 | DEBUG    | strategy.combo:generate_signal:88 |   [Donchian_Breakout] -> hold (强度=0.00) 价格在通道中部
2026-06-24 01:12:09 | DEBUG    | strategy.combo:generate_signal:88 |   [MACD_Trend] -> hold (强度=0.00) MACD无明显信号
2026-06-24 01:12:09 | DEBUG    | strategy.combo:generate_signal:88 |   [EMA_Cross] -> hold (强度=0.00) 无明显信号
2026-06-24 01:12:09 | DEBUG    | strategy.combo:generate_signal:88 |   [Donchian_Breakout] -> hold (强度=0.00) 价格在通道中部
2026-06-24 01:12:09 | DEBUG    | strategy.combo:generate_signal:88 |   [MACD_Trend] -> hold (强度=0.00) MACD无明显信号
2026-06-24 01:12:09 | DEBUG    | strategy.combo:generate_signal:88 |   [EMA_Cross] -> hold (强度=0.00) 无明显信号
2026-06-24 01:12:09 | DEBUG    | strategy.combo:generate_signal:88 |   [Donchian_Breakout] -> hold (强度=0.00) 价格在通道中部
2026-06-24 01:12:09 | DEBUG    | strategy.combo:generate_signal:88 |   [MACD_Trend] -> hold (强度=0.00) MACD无明显信号
2026-06-24 01:12:09 | DEBUG    | strategy.combo:generate_signal:88 |   [EMA_Cross] -> hold (强度=0.00) 无明显信号
2026-06-24 01:12:09 | DEBUG    | strategy.combo:generate_signal:88 |   [Donchian_Breakout] -> buy (强度=0.30) 价格在通道上部(71%)
2026-06-24 01:12:09 | DEBUG    | strategy.combo:generate_signal:88 |   [MACD_Trend] -> buy (强度=0.60) MACD金叉, DIF=-0.125, DEA=-0.323, 价格在MA60上方
2026-06-24 01:12:09 | DEBUG    | strategy.combo:generate_signal:88 |   [EMA_Cross] -> sell (强度=0.70) 价格跌破EMA60趋势线
2026-06-24 01:12:09 | DEBUG    | strategy.combo:generate_signal:88 |   [Donchian_Breakout] -> hold (强度=0.00) 价格在通道中部
2026-06-24 01:12:09 | DEBUG    | strategy.combo:generate_signal:88 |   [MACD_Trend] -> hold (强度=0.00) MACD无明显信号
2026-06-24 01:12:09 | DEBUG    | strategy.combo:generate_signal:88 |   [EMA_Cross] -> hold (强度=0.00) 无明显信号
2026-06-24 01:12:09 | DEBUG    | strategy.combo:generate_signal:88 |   [Donchian_Breakout] -> hold (强度=0.00) 价格在通道中部
2026-06-24 01:12:09 | DEBUG    | strategy.combo:generate_signal:88 |   [MACD_Trend] -> hold (强度=0.00) MACD无明显信号
2026-06-24 01:12:09 | DEBUG    | strategy.combo:generate_signal:88 |   [EMA_Cross] -> hold (强度=0.00) 无明显信号
2026-06-24 01:12:09 | DEBUG    | strategy.combo:generate_signal:88 |   [Donchian_Breakout] -> buy (强度=0.30) 价格在通道上部(73%)
2026-06-24 01:12:09 | DEBUG    | strategy.combo:generate_signal:88 |   [MACD_Trend] -> hold (强度=0.00) MACD无明显信号
2026-06-24 01:12:09 | DEBUG    | strategy.combo:generate_signal:88 |   [EMA_Cross] -> hold (强度=0.00) 无明显信号
2026-06-24 01:12:09 | DEBUG    | strategy.combo:generate_signal:88 |   [Donchian_Breakout] -> buy (强度=0.90) 突破20日新高(107.55), ATR=5.33
2026-06-24 01:12:09 | DEBUG    | strategy.combo:generate_signal:88 |   [MACD_Trend] -> buy (强度=0.50) MACD在零轴上方运行, 趋势向上
2026-06-24 01:12:09 | DEBUG    | strategy.combo:generate_signal:88 |   [EMA_Cross] -> hold (强度=0.00) 无明显信号
2026-06-24 01:12:09 | DEBUG    | strategy.combo:generate_signal:88 |   [Donchian_Breakout] -> buy (强度=0.30) 价格在通道上部(101%)
2026-06-24 01:12:09 | DEBUG    | strategy.combo:generate_signal:88 |   [MACD_Trend] -> buy (强度=0.50) MACD在零轴上方运行, 趋势向上
2026-06-24 01:12:09 | DEBUG    | strategy.combo:generate_signal:88 |   [EMA_Cross] -> hold (强度=0.00) 无明显信号
2026-06-24 01:12:09 | DEBUG    | strategy.combo:generate_signal:88 |   [Donchian_Breakout] -> buy (强度=0.30) 价格在通道上部(78%)
2026-06-24 01:12:09 | DEBUG    | strategy.combo:generate_signal:88 |   [MACD_Trend] -> buy (强度=0.50) MACD在零轴上方运行, 趋势向上
2026-06-24 01:12:09 | DEBUG    | strategy.combo:generate_signal:88 |   [EMA_Cross] -> hold (强度=0.00) 无明显信号
2026-06-24 01:12:09 | DEBUG    | strategy.combo:generate_signal:88 |   [Donchian_Breakout] -> buy (强度=0.30) 价格在通道上部(71%)
2026-06-24 01:12:09 | DEBUG    | strategy.combo:generate_signal:88 |   [MACD_Trend] -> buy (强度=0.50) MACD在零轴上方运行, 趋势向上
2026-06-24 01:12:09 | DEBUG    | strategy.combo:generate_signal:88 |   [EMA_Cross] -> hold (强度=0.00) 无明显信号
2026-06-24 01:12:09 | DEBUG    | strategy.combo:generate_signal:88 |   [Donchian_Breakout] -> hold (强度=0.00) 价格在通道中部
2026-06-24 01:12:09 | DEBUG    | strategy.combo:generate_signal:88 |   [MACD_Trend] -> buy (强度=0.50) MACD在零轴上方运行, 趋势向上
2026-06-24 01:12:09 | DEBUG    | strategy.combo:generate_signal:88 |   [EMA_Cross] -> buy (强度=0.40) EMA多头排列, 趋势向上
2026-06-24 01:12:09 | DEBUG    | strategy.combo:generate_signal:88 |   [Donchian_Breakout] -> hold (强度=0.00) 价格在通道中部
2026-06-24 01:12:09 | DEBUG    | strategy.combo:generate_signal:88 |   [MACD_Trend] -> buy (强度=0.50) MACD在零轴上方运行, 趋势向上
2026-06-24 01:12:09 | DEBUG    | strategy.combo:generate_signal:88 |   [EMA_Cross] -> buy (强度=0.40) EMA多头排列, 趋势向上
2026-06-24 01:12:09 | DEBUG    | strategy.combo:generate_signal:88 |   [Donchian_Breakout] -> buy (强度=0.30) 价格在通道上部(71%)
2026-06-24 01:12:09 | DEBUG    | strategy.combo:generate_signal:88 |   [MACD_Trend] -> buy (强度=0.50) MACD在零轴上方运行, 趋势向上
2026-06-24 01:12:09 | DEBUG    | strategy.combo:generate_signal:88 |   [EMA_Cross] -> buy (强度=0.40) EMA多头排列, 趋势向上
2026-06-24 01:12:09 | DEBUG    | strategy.combo:generate_signal:88 |   [Donchian_Breakout] -> buy (强度=0.30) 价格在通道上部(71%)
2026-06-24 01:12:09 | DEBUG    | strategy.combo:generate_signal:88 |   [MACD_Trend] -> buy (强度=0.50) MACD在零轴上方运行, 趋势向上
2026-06-24 01:12:09 | DEBUG    | strategy.combo:generate_signal:88 |   [EMA_Cross] -> buy (强度=0.40) EMA多头排列, 趋势向上
2026-06-24 01:12:09 | DEBUG    | strategy.combo:generate_signal:88 |   [Donchian_Breakout] -> hold (强度=0.00) 价格在通道中部
2026-06-24 01:12:09 | DEBUG    | strategy.combo:generate_signal:88 |   [MACD_Trend] -> buy (强度=0.50) MACD在零轴上方运行, 趋势向上
2026-06-24 01:12:09 | DEBUG    | strategy.combo:generate_signal:88 |   [EMA_Cross] -> buy (强度=0.40) EMA多头排列, 趋势向上
2026-06-24 01:12:09 | DEBUG    | strategy.combo:generate_signal:88 |   [Donchian_Breakout] -> buy (强度=0.30) 价格在通道上部(74%)
2026-06-24 01:12:09 | DEBUG    | strategy.combo:generate_signal:88 |   [MACD_Trend] -> buy (强度=0.50) MACD在零轴上方运行, 趋势向上
2026-06-24 01:12:09 | DEBUG    | strategy.combo:generate_signal:88 |   [EMA_Cross] -> buy (强度=0.40) EMA多头排列, 趋势向上
2026-06-24 01:12:09 | DEBUG    | strategy.combo:generate_signal:88 |   [Donchian_Breakout] -> hold (强度=0.00) 价格在通道中部
2026-06-24 01:12:09 | DEBUG    | strategy.combo:generate_signal:88 |   [MACD_Trend] -> buy (强度=0.50) MACD在零轴上方运行, 趋势向上
2026-06-24 01:12:09 | DEBUG    | strategy.combo:generate_signal:88 |   [EMA_Cross] -> buy (强度=0.40) EMA多头排列, 趋势向上
2026-06-24 01:12:09 | DEBUG    | strategy.combo:generate_signal:88 |   [Donchian_Breakout] -> hold (强度=0.00) 价格在通道中部
2026-06-24 01:12:09 | DEBUG    | strategy.combo:generate_signal:88 |   [MACD_Trend] -> sell (强度=0.80) MACD死叉, DIF=3.168, DEA=3.294
2026-06-24 01:12:09 | DEBUG    | strategy.combo:generate_signal:88 |   [EMA_Cross] -> buy (强度=0.40) EMA多头排列, 趋势向上
2026-06-24 01:12:09 | DEBUG    | strategy.combo:generate_signal:88 |   [Donchian_Breakout] -> sell (强度=0.80) 跌破10日新低(106.49)
2026-06-24 01:12:09 | DEBUG    | strategy.combo:generate_signal:88 |   [MACD_Trend] -> hold (强度=0.00) MACD无明显信号
2026-06-24 01:12:09 | DEBUG    | strategy.combo:generate_signal:88 |   [EMA_Cross] -> buy (强度=0.40) EMA多头排列, 趋势向上
2026-06-24 01:12:09 | DEBUG    | strategy.combo:generate_signal:88 |   [Donchian_Breakout] -> hold (强度=0.00) 价格在通道中部
2026-06-24 01:12:09 | DEBUG    | strategy.combo:generate_signal:88 |   [MACD_Trend] -> hold (强度=0.00) MACD无明显信号
2026-06-24 01:12:09 | DEBUG    | strategy.combo:generate_signal:88 |   [EMA_Cross] -> buy (强度=0.40) EMA多头排列, 趋势向上
2026-06-24 01:12:09 | DEBUG    | strategy.combo:generate_signal:88 |   [Donchian_Breakout] -> hold (强度=0.00) 价格在通道中部
2026-06-24 01:12:09 | DEBUG    | strategy.combo:generate_signal:88 |   [MACD_Trend] -> hold (强度=0.00) MACD无明显信号
2026-06-24 01:12:09 | DEBUG    | strategy.combo:generate_signal:88 |   [EMA_Cross] -> buy (强度=0.40) EMA多头排列, 趋势向上
2026-06-24 01:12:09 | DEBUG    | strategy.combo:generate_signal:88 |   [Donchian_Breakout] -> hold (强度=0.00) 价格在通道中部
2026-06-24 01:12:09 | DEBUG    | strategy.combo:generate_signal:88 |   [MACD_Trend] -> hold (强度=0.00) MACD无明显信号
2026-06-24 01:12:09 | DEBUG    | strategy.combo:generate_signal:88 |   [EMA_Cross] -> buy (强度=0.40) EMA多头排列, 趋势向上
2026-06-24 01:12:09 | DEBUG    | strategy.combo:generate_signal:88 |   [Donchian_Breakout] -> hold (强度=0.00) 价格在通道中部
2026-06-24 01:12:09 | DEBUG    | strategy.combo:generate_signal:88 |   [MACD_Trend] -> hold (强度=0.00) MACD无明显信号
2026-06-24 01:12:09 | DEBUG    | strategy.combo:generate_signal:88 |   [EMA_Cross] -> sell (强度=0.70) 价格跌破EMA60趋势线
2026-06-24 01:12:09 | DEBUG    | strategy.combo:generate_signal:88 |   [Donchian_Breakout] -> sell (强度=0.80) 跌破10日新低(104.67)
2026-06-24 01:12:09 | DEBUG    | strategy.combo:generate_signal:88 |   [MACD_Trend] -> hold (强度=0.00) MACD无明显信号
2026-06-24 01:12:09 | DEBUG    | strategy.combo:generate_signal:88 |   [EMA_Cross] -> hold (强度=0.00) 无明显信号
2026-06-24 01:12:09 | DEBUG    | strategy.combo:generate_signal:88 |   [Donchian_Breakout] -> sell (强度=0.80) 跌破10日新低(103.96)
2026-06-24 01:12:09 | DEBUG    | strategy.combo:generate_signal:88 |   [MACD_Trend] -> hold (强度=0.00) MACD无明显信号
2026-06-24 01:12:09 | DEBUG    | strategy.combo:generate_signal:88 |   [EMA_Cross] -> hold (强度=0.00) 无明显信号
2026-06-24 01:12:09 | DEBUG    | strategy.combo:generate_signal:88 |   [Donchian_Breakout] -> sell (强度=0.80) 跌破10日新低(101.45)
2026-06-24 01:12:09 | DEBUG    | strategy.combo:generate_signal:88 |   [MACD_Trend] -> sell (强度=0.50) 价格跌破MA60
2026-06-24 01:12:09 | DEBUG    | strategy.combo:generate_signal:88 |   [EMA_Cross] -> sell (强度=0.80) EMA死叉
2026-06-24 01:12:09 | DEBUG    | strategy.combo:generate_signal:88 |   [Donchian_Breakout] -> sell (强度=0.80) 跌破10日新低(98.32)
2026-06-24 01:12:09 | DEBUG    | strategy.combo:generate_signal:88 |   [MACD_Trend] -> hold (强度=0.00) MACD无明显信号
2026-06-24 01:12:09 | DEBUG    | strategy.combo:generate_signal:88 |   [EMA_Cross] -> hold (强度=0.00) 无明显信号
2026-06-24 01:12:09 | DEBUG    | strategy.combo:generate_signal:88 |   [Donchian_Breakout] -> hold (强度=0.00) 价格在通道中部
2026-06-24 01:12:09 | DEBUG    | strategy.combo:generate_signal:88 |   [MACD_Trend] -> hold (强度=0.00) MACD无明显信号
2026-06-24 01:12:09 | DEBUG    | strategy.combo:generate_signal:88 |   [EMA_Cross] -> hold (强度=0.00) 无明显信号
2026-06-24 01:12:09 | DEBUG    | strategy.combo:generate_signal:88 |   [Donchian_Breakout] -> hold (强度=0.00) 价格在通道中部
2026-06-24 01:12:09 | DEBUG    | strategy.combo:generate_signal:88 |   [MACD_Trend] -> hold (强度=0.00) MACD无明显信号
2026-06-24 01:12:09 | DEBUG    | strategy.combo:generate_signal:88 |   [EMA_Cross] -> hold (强度=0.00) 无明显信号
2026-06-24 01:12:09 | DEBUG    | strategy.combo:generate_signal:88 |   [Donchian_Breakout] -> hold (强度=0.00) 价格在通道中部
2026-06-24 01:12:09 | DEBUG    | strategy.combo:generate_signal:88 |   [MACD_Trend] -> hold (强度=0.00) MACD无明显信号
2026-06-24 01:12:09 | DEBUG    | strategy.combo:generate_signal:88 |   [EMA_Cross] -> hold (强度=0.00) 无明显信号
2026-06-24 01:12:09 | DEBUG    | strategy.combo:generate_signal:88 |   [Donchian_Breakout] -> hold (强度=0.00) 价格在通道中部
2026-06-24 01:12:09 | DEBUG    | strategy.combo:generate_signal:88 |   [MACD_Trend] -> sell (强度=0.50) 价格跌破MA60
2026-06-24 01:12:09 | DEBUG    | strategy.combo:generate_signal:88 |   [EMA_Cross] -> hold (强度=0.00) 无明显信号
2026-06-24 01:12:09 | DEBUG    | strategy.combo:generate_signal:88 |   [Donchian_Breakout] -> hold (强度=0.00) 价格在通道中部
2026-06-24 01:12:09 | DEBUG    | strategy.combo:generate_signal:88 |   [MACD_Trend] -> hold (强度=0.00) MACD无明显信号
2026-06-24 01:12:09 | DEBUG    | strategy.combo:generate_signal:88 |   [EMA_Cross] -> hold (强度=0.00) 无明显信号
2026-06-24 01:12:09 | DEBUG    | strategy.combo:generate_signal:88 |   [Donchian_Breakout] -> hold (强度=0.00) 价格在通道中部
2026-06-24 01:12:09 | DEBUG    | strategy.combo:generate_signal:88 |   [MACD_Trend] -> hold (强度=0.00) MACD无明显信号
2026-06-24 01:12:09 | DEBUG    | strategy.combo:generate_signal:88 |   [EMA_Cross] -> hold (强度=0.00) 无明显信号
2026-06-24 01:12:09 | DEBUG    | strategy.combo:generate_signal:88 |   [Donchian_Breakout] -> hold (强度=0.00) 价格在通道中部
2026-06-24 01:12:09 | DEBUG    | strategy.combo:generate_signal:88 |   [MACD_Trend] -> hold (强度=0.00) MACD无明显信号
2026-06-24 01:12:09 | DEBUG    | strategy.combo:generate_signal:88 |   [EMA_Cross] -> hold (强度=0.00) 无明显信号
2026-06-24 01:12:09 | DEBUG    | strategy.combo:generate_signal:88 |   [Donchian_Breakout] -> hold (强度=0.00) 价格在通道中部
2026-06-24 01:12:09 | DEBUG    | strategy.combo:generate_signal:88 |   [MACD_Trend] -> hold (强度=0.00) MACD无明显信号
2026-06-24 01:12:09 | DEBUG    | strategy.combo:generate_signal:88 |   [EMA_Cross] -> hold (强度=0.00) 无明显信号
2026-06-24 01:12:09 | DEBUG    | strategy.combo:generate_signal:88 |   [Donchian_Breakout] -> hold (强度=0.00) 价格在通道中部
2026-06-24 01:12:09 | DEBUG    | strategy.combo:generate_signal:88 |   [MACD_Trend] -> buy (强度=0.60) MACD金叉, DIF=-0.365, DEA=-0.808, 价格在MA60上方
2026-06-24 01:12:09 | DEBUG    | strategy.combo:generate_signal:88 |   [EMA_Cross] -> buy (强度=0.40) EMA多头排列, 趋势向上
2026-06-24 01:12:09 | DEBUG    | strategy.combo:generate_signal:88 |   [Donchian_Breakout] -> buy (强度=0.30) 价格在通道上部(77%)
2026-06-24 01:12:09 | DEBUG    | strategy.combo:generate_signal:88 |   [MACD_Trend] -> hold (强度=0.00) MACD无明显信号
2026-06-24 01:12:09 | DEBUG    | strategy.combo:generate_signal:88 |   [EMA_Cross] -> buy (强度=0.40) EMA多头排列, 趋势向上
2026-06-24 01:12:09 | DEBUG    | strategy.combo:generate_signal:88 |   [Donchian_Breakout] -> buy (强度=0.30) 价格在通道上部(87%)
2026-06-24 01:12:09 | DEBUG    | strategy.combo:generate_signal:88 |   [MACD_Trend] -> hold (强度=0.00) MACD无明显信号
2026-06-24 01:12:09 | DEBUG    | strategy.combo:generate_signal:88 |   [EMA_Cross] -> buy (强度=0.40) EMA多头排列, 趋势向上
2026-06-24 01:12:09 | DEBUG    | strategy.combo:generate_signal:88 |   [Donchian_Breakout] -> buy (强度=0.30) 价格在通道上部(83%)
2026-06-24 01:12:09 | DEBUG    | strategy.combo:generate_signal:88 |   [MACD_Trend] -> buy (强度=0.50) MACD在零轴上方运行, 趋势向上
2026-06-24 01:12:09 | DEBUG    | strategy.combo:generate_signal:88 |   [EMA_Cross] -> buy (强度=0.40) EMA多头排列, 趋势向上
2026-06-24 01:12:09 | DEBUG    | strategy.combo:generate_signal:88 |   [Donchian_Breakout] -> buy (强度=0.30) 价格在通道上部(105%)
2026-06-24 01:12:09 | DEBUG    | strategy.combo:generate_signal:88 |   [MACD_Trend] -> buy (强度=0.50) MACD在零轴上方运行, 趋势向上
2026-06-24 01:12:09 | DEBUG    | strategy.combo:generate_signal:88 |   [EMA_Cross] -> buy (强度=0.40) EMA多头排列, 趋势向上
2026-06-24 01:12:09 | DEBUG    | strategy.combo:generate_signal:88 |   [Donchian_Breakout] -> buy (强度=0.30) 价格在通道上部(86%)
2026-06-24 01:12:09 | DEBUG    | strategy.combo:generate_signal:88 |   [MACD_Trend] -> buy (强度=0.50) MACD在零轴上方运行, 趋势向上
2026-06-24 01:12:09 | DEBUG    | strategy.combo:generate_signal:88 |   [EMA_Cross] -> sell (强度=0.70) 价格跌破EMA60趋势线
2026-06-24 01:12:09 | DEBUG    | strategy.combo:generate_signal:88 |   [Donchian_Breakout] -> hold (强度=0.00) 价格在通道中部
2026-06-24 01:12:09 | DEBUG    | strategy.combo:generate_signal:88 |   [MACD_Trend] -> sell (强度=0.50) 价格跌破MA60
2026-06-24 01:12:09 | DEBUG    | strategy.combo:generate_signal:88 |   [EMA_Cross] -> hold (强度=0.00) 无明显信号
2026-06-24 01:12:09 | DEBUG    | strategy.combo:generate_signal:88 |   [Donchian_Breakout] -> hold (强度=0.00) 价格在通道中部
2026-06-24 01:12:09 | DEBUG    | strategy.combo:generate_signal:88 |   [MACD_Trend] -> sell (强度=0.80) MACD死叉, DIF=0.894, DEA=0.967
2026-06-24 01:12:09 | DEBUG    | strategy.combo:generate_signal:88 |   [EMA_Cross] -> hold (强度=0.00) 无明显信号
2026-06-24 01:12:09 | DEBUG    | strategy.combo:generate_signal:88 |   [Donchian_Breakout] -> hold (强度=0.00) 价格在通道中部
2026-06-24 01:12:09 | DEBUG    | strategy.combo:generate_signal:88 |   [MACD_Trend] -> hold (强度=0.00) MACD无明显信号
2026-06-24 01:12:09 | DEBUG    | strategy.combo:generate_signal:88 |   [EMA_Cross] -> buy (强度=0.40) EMA多头排列, 趋势向上
2026-06-24 01:12:09 | DEBUG    | strategy.combo:generate_signal:88 |   [Donchian_Breakout] -> hold (强度=0.00) 价格在通道中部
2026-06-24 01:12:09 | DEBUG    | strategy.combo:generate_signal:88 |   [MACD_Trend] -> hold (强度=0.00) MACD无明显信号
2026-06-24 01:12:09 | DEBUG    | strategy.combo:generate_signal:88 |   [EMA_Cross] -> buy (强度=0.40) EMA多头排列, 趋势向上
2026-06-24 01:12:09 | DEBUG    | strategy.combo:generate_signal:88 |   [Donchian_Breakout] -> hold (强度=0.00) 价格在通道中部
2026-06-24 01:12:09 | DEBUG    | strategy.combo:generate_signal:88 |   [MACD_Trend] -> hold (强度=0.00) MACD无明显信号
2026-06-24 01:12:09 | DEBUG    | strategy.combo:generate_signal:88 |   [EMA_Cross] -> buy (强度=0.40) EMA多头排列, 趋势向上
2026-06-24 01:12:09 | DEBUG    | strategy.combo:generate_signal:88 |   [Donchian_Breakout] -> hold (强度=0.00) 价格在通道中部
2026-06-24 01:12:09 | DEBUG    | strategy.combo:generate_signal:88 |   [MACD_Trend] -> buy (强度=0.85) MACD金叉, DIF=0.992, DEA=0.839, 价格在MA60上方
2026-06-24 01:12:09 | DEBUG    | strategy.combo:generate_signal:88 |   [EMA_Cross] -> buy (强度=0.40) EMA多头排列, 趋势向上
2026-06-24 01:12:09 | DEBUG    | strategy.combo:generate_signal:88 |   [Donchian_Breakout] -> buy (强度=0.90) 突破20日新高(118.14), ATR=7.40
2026-06-24 01:12:09 | DEBUG    | strategy.combo:generate_signal:88 |   [MACD_Trend] -> buy (强度=0.50) MACD在零轴上方运行, 趋势向上
2026-06-24 01:12:09 | DEBUG    | strategy.combo:generate_signal:88 |   [EMA_Cross] -> buy (强度=0.40) EMA多头排列, 趋势向上
2026-06-24 01:12:09 | DEBUG    | strategy.combo:generate_signal:88 |   [Donchian_Breakout] -> buy (强度=0.30) 价格在通道上部(99%)
2026-06-24 01:12:09 | DEBUG    | strategy.combo:generate_signal:88 |   [MACD_Trend] -> buy (强度=0.50) MACD在零轴上方运行, 趋势向上
2026-06-24 01:12:09 | DEBUG    | strategy.combo:generate_signal:88 |   [EMA_Cross] -> buy (强度=0.40) EMA多头排列, 趋势向上
2026-06-24 01:12:09 | DEBUG    | strategy.combo:generate_signal:88 |   [Donchian_Breakout] -> buy (强度=0.30) 价格在通道上部(103%)
2026-06-24 01:12:09 | DEBUG    | strategy.combo:generate_signal:88 |   [MACD_Trend] -> buy (强度=0.50) MACD在零轴上方运行, 趋势向上
2026-06-24 01:12:09 | DEBUG    | strategy.combo:generate_signal:88 |   [EMA_Cross] -> buy (强度=0.40) EMA多头排列, 趋势向上
2026-06-24 01:12:09 | DEBUG    | strategy.combo:generate_signal:88 |   [Donchian_Breakout] -> buy (强度=0.90) 突破20日新高(135.78), ATR=8.86
2026-06-24 01:12:09 | DEBUG    | strategy.combo:generate_signal:88 |   [MACD_Trend] -> buy (强度=0.50) MACD在零轴上方运行, 趋势向上
2026-06-24 01:12:09 | DEBUG    | strategy.combo:generate_signal:88 |   [EMA_Cross] -> buy (强度=0.40) EMA多头排列, 趋势向上
2026-06-24 01:12:09 | DEBUG    | strategy.combo:generate_signal:88 |   [Donchian_Breakout] -> buy (强度=0.90) 突破20日新高(151.05), ATR=9.24
2026-06-24 01:12:09 | DEBUG    | strategy.combo:generate_signal:88 |   [MACD_Trend] -> buy (强度=0.50) MACD在零轴上方运行, 趋势向上
2026-06-24 01:12:09 | DEBUG    | strategy.combo:generate_signal:88 |   [EMA_Cross] -> buy (强度=0.40) EMA多头排列, 趋势向上
2026-06-24 01:12:09 | DEBUG    | strategy.combo:generate_signal:88 |   [Donchian_Breakout] -> buy (强度=0.30) 价格在通道上部(80%)
2026-06-24 01:12:09 | DEBUG    | strategy.combo:generate_signal:88 |   [MACD_Trend] -> buy (强度=0.50) MACD在零轴上方运行, 趋势向上
2026-06-24 01:12:09 | DEBUG    | strategy.combo:generate_signal:88 |   [EMA_Cross] -> buy (强度=0.40) EMA多头排列, 趋势向上
2026-06-24 01:12:09 | DEBUG    | strategy.combo:generate_signal:88 |   [Donchian_Breakout] -> buy (强度=0.30) 价格在通道上部(87%)
2026-06-24 01:12:09 | DEBUG    | strategy.combo:generate_signal:88 |   [MACD_Trend] -> buy (强度=0.50) MACD在零轴上方运行, 趋势向上
2026-06-24 01:12:09 | DEBUG    | strategy.combo:generate_signal:88 |   [EMA_Cross] -> buy (强度=0.40) EMA多头排列, 趋势向上
2026-06-24 01:12:09 | DEBUG    | strategy.combo:generate_signal:88 |   [Donchian_Breakout] -> buy (强度=0.30) 价格在通道上部(77%)
2026-06-24 01:12:09 | DEBUG    | strategy.combo:generate_signal:88 |   [MACD_Trend] -> buy (强度=0.50) MACD在零轴上方运行, 趋势向上
2026-06-24 01:12:09 | DEBUG    | strategy.combo:generate_signal:88 |   [EMA_Cross] -> buy (强度=0.40) EMA多头排列, 趋势向上
2026-06-24 01:12:09 | DEBUG    | strategy.combo:generate_signal:88 |   [Donchian_Breakout] -> buy (强度=0.30) 价格在通道上部(79%)
2026-06-24 01:12:09 | DEBUG    | strategy.combo:generate_signal:88 |   [MACD_Trend] -> buy (强度=0.50) MACD在零轴上方运行, 趋势向上
2026-06-24 01:12:09 | DEBUG    | strategy.combo:generate_signal:88 |   [EMA_Cross] -> buy (强度=0.40) EMA多头排列, 趋势向上
2026-06-24 01:12:09 | DEBUG    | strategy.combo:generate_signal:88 |   [Donchian_Breakout] -> buy (强度=0.30) 价格在通道上部(98%)
2026-06-24 01:12:09 | DEBUG    | strategy.combo:generate_signal:88 |   [MACD_Trend] -> buy (强度=0.50) MACD在零轴上方运行, 趋势向上
2026-06-24 01:12:09 | DEBUG    | strategy.combo:generate_signal:88 |   [EMA_Cross] -> buy (强度=0.40) EMA多头排列, 趋势向上
2026-06-24 01:12:09 | DEBUG    | strategy.combo:generate_signal:88 |   [Donchian_Breakout] -> buy (强度=0.30) 价格在通道上部(78%)
2026-06-24 01:12:09 | DEBUG    | strategy.combo:generate_signal:88 |   [MACD_Trend] -> buy (强度=0.50) MACD在零轴上方运行, 趋势向上
2026-06-24 01:12:09 | DEBUG    | strategy.combo:generate_signal:88 |   [EMA_Cross] -> buy (强度=0.40) EMA多头排列, 趋势向上
2026-06-24 01:12:09 | DEBUG    | strategy.combo:generate_signal:88 |   [Donchian_Breakout] -> buy (强度=0.30) 价格在通道上部(86%)
2026-06-24 01:12:09 | DEBUG    | strategy.combo:generate_signal:88 |   [MACD_Trend] -> buy (强度=0.50) MACD在零轴上方运行, 趋势向上
2026-06-24 01:12:09 | DEBUG    | strategy.combo:generate_signal:88 |   [EMA_Cross] -> buy (强度=0.40) EMA多头排列, 趋势向上
2026-06-24 01:12:09 | DEBUG    | strategy.combo:generate_signal:88 |   [Donchian_Breakout] -> buy (强度=0.30) 价格在通道上部(95%)
2026-06-24 01:12:09 | DEBUG    | strategy.combo:generate_signal:88 |   [MACD_Trend] -> buy (强度=0.50) MACD在零轴上方运行, 趋势向上
2026-06-24 01:12:09 | DEBUG    | strategy.combo:generate_signal:88 |   [EMA_Cross] -> buy (强度=0.40) EMA多头排列, 趋势向上
2026-06-24 01:12:09 | DEBUG    | strategy.combo:generate_signal:88 |   [Donchian_Breakout] -> buy (强度=0.30) 价格在通道上部(101%)
2026-06-24 01:12:09 | DEBUG    | strategy.combo:generate_signal:88 |   [MACD_Trend] -> buy (强度=0.50) MACD在零轴上方运行, 趋势向上
2026-06-24 01:12:09 | DEBUG    | strategy.combo:generate_signal:88 |   [EMA_Cross] -> buy (强度=0.40) EMA多头排列, 趋势向上
2026-06-24 01:12:09 | DEBUG    | strategy.combo:generate_signal:88 |   [Donchian_Breakout] -> buy (强度=0.30) 价格在通道上部(98%)
2026-06-24 01:12:09 | DEBUG    | strategy.combo:generate_signal:88 |   [MACD_Trend] -> buy (强度=0.50) MACD在零轴上方运行, 趋势向上
2026-06-24 01:12:09 | DEBUG    | strategy.combo:generate_signal:88 |   [EMA_Cross] -> buy (强度=0.40) EMA多头排列, 趋势向上
2026-06-24 01:12:09 | DEBUG    | strategy.combo:generate_signal:88 |   [Donchian_Breakout] -> buy (强度=0.30) 价格在通道上部(84%)
2026-06-24 01:12:09 | DEBUG    | strategy.combo:generate_signal:88 |   [MACD_Trend] -> buy (强度=0.50) MACD在零轴上方运行, 趋势向上
2026-06-24 01:12:09 | DEBUG    | strategy.combo:generate_signal:88 |   [EMA_Cross] -> buy (强度=0.40) EMA多头排列, 趋势向上
2026-06-24 01:12:09 | DEBUG    | strategy.combo:generate_signal:88 |   [Donchian_Breakout] -> buy (强度=0.30) 价格在通道上部(81%)
2026-06-24 01:12:09 | DEBUG    | strategy.combo:generate_signal:88 |   [MACD_Trend] -> buy (强度=0.50) MACD在零轴上方运行, 趋势向上
2026-06-24 01:12:09 | DEBUG    | strategy.combo:generate_signal:88 |   [EMA_Cross] -> buy (强度=0.40) EMA多头排列, 趋势向上
2026-06-24 01:12:09 | DEBUG    | strategy.combo:generate_signal:88 |   [Donchian_Breakout] -> buy (强度=0.30) 价格在通道上部(94%)
2026-06-24 01:12:09 | DEBUG    | strategy.combo:generate_signal:88 |   [MACD_Trend] -> buy (强度=0.50) MACD在零轴上方运行, 趋势向上
2026-06-24 01:12:09 | DEBUG    | strategy.combo:generate_signal:88 |   [EMA_Cross] -> buy (强度=0.40) EMA多头排列, 趋势向上
2026-06-24 01:12:09 | DEBUG    | strategy.combo:generate_signal:88 |   [Donchian_Breakout] -> buy (强度=0.30) 价格在通道上部(87%)
2026-06-24 01:12:09 | DEBUG    | strategy.combo:generate_signal:88 |   [MACD_Trend] -> buy (强度=0.50) MACD在零轴上方运行, 趋势向上
2026-06-24 01:12:09 | DEBUG    | strategy.combo:generate_signal:88 |   [EMA_Cross] -> buy (强度=0.40) EMA多头排列, 趋势向上
2026-06-24 01:12:09 | DEBUG    | strategy.combo:generate_signal:88 |   [Donchian_Breakout] -> buy (强度=0.30) 价格在通道上部(79%)
2026-06-24 01:12:09 | DEBUG    | strategy.combo:generate_signal:88 |   [MACD_Trend] -> buy (强度=0.50) MACD在零轴上方运行, 趋势向上
2026-06-24 01:12:09 | DEBUG    | strategy.combo:generate_signal:88 |   [EMA_Cross] -> buy (强度=0.40) EMA多头排列, 趋势向上
2026-06-24 01:12:09 | DEBUG    | strategy.combo:generate_signal:88 |   [Donchian_Breakout] -> buy (强度=0.30) 价格在通道上部(79%)
2026-06-24 01:12:09 | DEBUG    | strategy.combo:generate_signal:88 |   [MACD_Trend] -> sell (强度=0.80) MACD死叉, DIF=12.393, DEA=12.914
2026-06-24 01:12:09 | DEBUG    | strategy.combo:generate_signal:88 |   [EMA_Cross] -> buy (强度=0.40) EMA多头排列, 趋势向上
2026-06-24 01:12:09 | DEBUG    | strategy.combo:generate_signal:88 |   [Donchian_Breakout] -> buy (强度=0.30) 价格在通道上部(82%)
2026-06-24 01:12:09 | DEBUG    | strategy.combo:generate_signal:88 |   [MACD_Trend] -> hold (强度=0.00) MACD无明显信号
2026-06-24 01:12:09 | DEBUG    | strategy.combo:generate_signal:88 |   [EMA_Cross] -> buy (强度=0.40) EMA多头排列, 趋势向上
2026-06-24 01:12:09 | DEBUG    | strategy.combo:generate_signal:88 |   [Donchian_Breakout] -> buy (强度=0.30) 价格在通道上部(95%)
2026-06-24 01:12:09 | DEBUG    | strategy.combo:generate_signal:88 |   [MACD_Trend] -> hold (强度=0.00) MACD无明显信号
2026-06-24 01:12:09 | DEBUG    | strategy.combo:generate_signal:88 |   [EMA_Cross] -> buy (强度=0.40) EMA多头排列, 趋势向上
2026-06-24 01:12:09 | DEBUG    | strategy.combo:generate_signal:88 |   [Donchian_Breakout] -> buy (强度=0.30) 价格在通道上部(99%)
2026-06-24 01:12:09 | DEBUG    | strategy.combo:generate_signal:88 |   [MACD_Trend] -> hold (强度=0.00) MACD无明显信号
2026-06-24 01:12:09 | DEBUG    | strategy.combo:generate_signal:88 |   [EMA_Cross] -> buy (强度=0.40) EMA多头排列, 趋势向上
2026-06-24 01:12:09 | DEBUG    | strategy.combo:generate_signal:88 |   [Donchian_Breakout] -> buy (强度=0.30) 价格在通道上部(72%)
2026-06-24 01:12:09 | DEBUG    | strategy.combo:generate_signal:88 |   [MACD_Trend] -> hold (强度=0.00) MACD无明显信号
2026-06-24 01:12:09 | DEBUG    | strategy.combo:generate_signal:88 |   [EMA_Cross] -> buy (强度=0.40) EMA多头排列, 趋势向上
2026-06-24 01:12:09 | DEBUG    | strategy.combo:generate_signal:88 |   [Donchian_Breakout] -> hold (强度=0.00) 价格在通道中部
2026-06-24 01:12:09 | DEBUG    | strategy.combo:generate_signal:88 |   [MACD_Trend] -> hold (强度=0.00) MACD无明显信号
2026-06-24 01:12:09 | DEBUG    | strategy.combo:generate_signal:88 |   [EMA_Cross] -> buy (强度=0.40) EMA多头排列, 趋势向上
2026-06-24 01:12:09 | DEBUG    | strategy.combo:generate_signal:88 |   [Donchian_Breakout] -> hold (强度=0.00) 价格在通道中部
2026-06-24 01:12:09 | DEBUG    | strategy.combo:generate_signal:88 |   [MACD_Trend] -> hold (强度=0.00) MACD无明显信号
2026-06-24 01:12:09 | DEBUG    | strategy.combo:generate_signal:88 |   [EMA_Cross] -> buy (强度=0.40) EMA多头排列, 趋势向上
2026-06-24 01:12:09 | DEBUG    | strategy.combo:generate_signal:88 |   [Donchian_Breakout] -> hold (强度=0.00) 价格在通道中部
2026-06-24 01:12:09 | DEBUG    | strategy.combo:generate_signal:88 |   [MACD_Trend] -> hold (强度=0.00) MACD无明显信号
2026-06-24 01:12:09 | DEBUG    | strategy.combo:generate_signal:88 |   [EMA_Cross] -> buy (强度=0.40) EMA多头排列, 趋势向上
2026-06-24 01:12:09 | DEBUG    | strategy.combo:generate_signal:88 |   [Donchian_Breakout] -> hold (强度=0.00) 价格在通道中部
2026-06-24 01:12:09 | DEBUG    | strategy.combo:generate_signal:88 |   [MACD_Trend] -> hold (强度=0.00) MACD无明显信号
2026-06-24 01:12:09 | DEBUG    | strategy.combo:generate_signal:88 |   [EMA_Cross] -> buy (强度=0.40) EMA多头排列, 趋势向上
2026-06-24 01:12:09 | DEBUG    | strategy.combo:generate_signal:88 |   [Donchian_Breakout] -> sell (强度=0.80) 跌破10日新低(158.35)
2026-06-24 01:12:09 | DEBUG    | strategy.combo:generate_signal:88 |   [MACD_Trend] -> hold (强度=0.00) MACD无明显信号
2026-06-24 01:12:09 | DEBUG    | strategy.combo:generate_signal:88 |   [EMA_Cross] -> buy (强度=0.40) EMA多头排列, 趋势向上
2026-06-24 01:12:09 | DEBUG    | strategy.combo:generate_signal:88 |   [Donchian_Breakout] -> hold (强度=0.00) 价格在通道中部
2026-06-24 01:12:09 | DEBUG    | strategy.combo:generate_signal:88 |   [MACD_Trend] -> hold (强度=0.00) MACD无明显信号
2026-06-24 01:12:09 | DEBUG    | strategy.combo:generate_signal:88 |   [EMA_Cross] -> buy (强度=0.40) EMA多头排列, 趋势向上
2026-06-24 01:12:09 | DEBUG    | strategy.combo:generate_signal:88 |   [Donchian_Breakout] -> hold (强度=0.00) 价格在通道中部
2026-06-24 01:12:09 | DEBUG    | strategy.combo:generate_signal:88 |   [MACD_Trend] -> hold (强度=0.00) MACD无明显信号
2026-06-24 01:12:09 | DEBUG    | strategy.combo:generate_signal:88 |   [EMA_Cross] -> buy (强度=0.40) EMA多头排列, 趋势向上
2026-06-24 01:12:09 | DEBUG    | strategy.combo:generate_signal:88 |   [Donchian_Breakout] -> hold (强度=0.00) 价格在通道中部
2026-06-24 01:12:09 | DEBUG    | strategy.combo:generate_signal:88 |   [MACD_Trend] -> hold (强度=0.00) MACD无明显信号
2026-06-24 01:12:09 | DEBUG    | strategy.combo:generate_signal:88 |   [EMA_Cross] -> buy (强度=0.40) EMA多头排列, 趋势向上
2026-06-24 01:12:09 | DEBUG    | strategy.combo:generate_signal:88 |   [Donchian_Breakout] -> hold (强度=0.00) 价格在通道中部
2026-06-24 01:12:09 | DEBUG    | strategy.combo:generate_signal:88 |   [MACD_Trend] -> hold (强度=0.00) MACD无明显信号
2026-06-24 01:12:09 | DEBUG    | strategy.combo:generate_signal:88 |   [EMA_Cross] -> buy (强度=0.40) EMA多头排列, 趋势向上
2026-06-24 01:12:09 | DEBUG    | strategy.combo:generate_signal:88 |   [Donchian_Breakout] -> hold (强度=0.00) 价格在通道中部
2026-06-24 01:12:09 | DEBUG    | strategy.combo:generate_signal:88 |   [MACD_Trend] -> hold (强度=0.00) MACD无明显信号
2026-06-24 01:12:09 | DEBUG    | strategy.combo:generate_signal:88 |   [EMA_Cross] -> buy (强度=0.40) EMA多头排列, 趋势向上
2026-06-24 01:12:09 | DEBUG    | strategy.combo:generate_signal:88 |   [Donchian_Breakout] -> hold (强度=0.00) 价格在通道中部
2026-06-24 01:12:09 | DEBUG    | strategy.combo:generate_signal:88 |   [MACD_Trend] -> hold (强度=0.00) MACD无明显信号
2026-06-24 01:12:09 | DEBUG    | strategy.combo:generate_signal:88 |   [EMA_Cross] -> buy (强度=0.40) EMA多头排列, 趋势向上
2026-06-24 01:12:09 | DEBUG    | strategy.combo:generate_signal:88 |   [Donchian_Breakout] -> hold (强度=0.00) 价格在通道中部
2026-06-24 01:12:09 | DEBUG    | strategy.combo:generate_signal:88 |   [MACD_Trend] -> hold (强度=0.00) MACD无明显信号
2026-06-24 01:12:09 | DEBUG    | strategy.combo:generate_signal:88 |   [EMA_Cross] -> buy (强度=0.40) EMA多头排列, 趋势向上
2026-06-24 01:12:09 | DEBUG    | strategy.combo:generate_signal:88 |   [Donchian_Breakout] -> hold (强度=0.00) 价格在通道中部
2026-06-24 01:12:09 | DEBUG    | strategy.combo:generate_signal:88 |   [MACD_Trend] -> hold (强度=0.00) MACD无明显信号
2026-06-24 01:12:09 | DEBUG    | strategy.combo:generate_signal:88 |   [EMA_Cross] -> buy (强度=0.40) EMA多头排列, 趋势向上
2026-06-24 01:12:09 | DEBUG    | strategy.combo:generate_signal:88 |   [Donchian_Breakout] -> hold (强度=0.00) 价格在通道中部
2026-06-24 01:12:09 | DEBUG    | strategy.combo:generate_signal:88 |   [MACD_Trend] -> hold (强度=0.00) MACD无明显信号
2026-06-24 01:12:09 | DEBUG    | strategy.combo:generate_signal:88 |   [EMA_Cross] -> buy (强度=0.40) EMA多头排列, 趋势向上
2026-06-24 01:12:09 | DEBUG    | strategy.combo:generate_signal:88 |   [Donchian_Breakout] -> hold (强度=0.00) 价格在通道中部
2026-06-24 01:12:09 | DEBUG    | strategy.combo:generate_signal:88 |   [MACD_Trend] -> hold (强度=0.00) MACD无明显信号
2026-06-24 01:12:09 | DEBUG    | strategy.combo:generate_signal:88 |   [EMA_Cross] -> buy (强度=0.40) EMA多头排列, 趋势向上
2026-06-24 01:12:09 | DEBUG    | strategy.combo:generate_signal:88 |   [Donchian_Breakout] -> hold (强度=0.00) 价格在通道中部
2026-06-24 01:12:09 | DEBUG    | strategy.combo:generate_signal:88 |   [MACD_Trend] -> hold (强度=0.00) MACD无明显信号
2026-06-24 01:12:09 | DEBUG    | strategy.combo:generate_signal:88 |   [EMA_Cross] -> buy (强度=0.40) EMA多头排列, 趋势向上
2026-06-24 01:12:09 | DEBUG    | strategy.combo:generate_signal:88 |   [Donchian_Breakout] -> hold (强度=0.00) 价格在通道中部
2026-06-24 01:12:09 | DEBUG    | strategy.combo:generate_signal:88 |   [MACD_Trend] -> hold (强度=0.00) MACD无明显信号
2026-06-24 01:12:09 | DEBUG    | strategy.combo:generate_signal:88 |   [EMA_Cross] -> buy (强度=0.40) EMA多头排列, 趋势向上
2026-06-24 01:12:09 | DEBUG    | strategy.combo:generate_signal:88 |   [Donchian_Breakout] -> hold (强度=0.00) 价格在通道中部
2026-06-24 01:12:09 | DEBUG    | strategy.combo:generate_signal:88 |   [MACD_Trend] -> hold (强度=0.00) MACD无明显信号
2026-06-24 01:12:09 | DEBUG    | strategy.combo:generate_signal:88 |   [EMA_Cross] -> buy (强度=0.40) EMA多头排列, 趋势向上
2026-06-24 01:12:09 | DEBUG    | strategy.combo:generate_signal:88 |   [Donchian_Breakout] -> hold (强度=0.00) 价格在通道中部
2026-06-24 01:12:09 | DEBUG    | strategy.combo:generate_signal:88 |   [MACD_Trend] -> buy (强度=0.85) MACD金叉, DIF=3.303, DEA=3.072, 价格在MA60上方
2026-06-24 01:12:09 | DEBUG    | strategy.combo:generate_signal:88 |   [EMA_Cross] -> buy (强度=0.40) EMA多头排列, 趋势向上
2026-06-24 01:12:09 | DEBUG    | strategy.combo:generate_signal:88 |   [Donchian_Breakout] -> buy (强度=0.30) 价格在通道上部(88%)
2026-06-24 01:12:09 | DEBUG    | strategy.combo:generate_signal:88 |   [MACD_Trend] -> buy (强度=0.50) MACD在零轴上方运行, 趋势向上
2026-06-24 01:12:09 | DEBUG    | strategy.combo:generate_signal:88 |   [EMA_Cross] -> buy (强度=0.40) EMA多头排列, 趋势向上
2026-06-24 01:12:10 | DEBUG    | strategy.combo:generate_signal:88 |   [Donchian_Breakout] -> buy (强度=0.30) 价格在通道上部(79%)
2026-06-24 01:12:10 | DEBUG    | strategy.combo:generate_signal:88 |   [MACD_Trend] -> buy (强度=0.50) MACD在零轴上方运行, 趋势向上
2026-06-24 01:12:10 | DEBUG    | strategy.combo:generate_signal:88 |   [EMA_Cross] -> buy (强度=0.40) EMA多头排列, 趋势向上
2026-06-24 01:12:10 | DEBUG    | strategy.combo:generate_signal:88 |   [Donchian_Breakout] -> hold (强度=0.00) 价格在通道中部
2026-06-24 01:12:10 | DEBUG    | strategy.combo:generate_signal:88 |   [MACD_Trend] -> sell (强度=0.80) MACD死叉, DIF=2.678, DEA=3.165
2026-06-24 01:12:10 | DEBUG    | strategy.combo:generate_signal:88 |   [EMA_Cross] -> buy (强度=0.40) EMA多头排列, 趋势向上
2026-06-24 01:12:10 | DEBUG    | strategy.combo:generate_signal:88 |   [Donchian_Breakout] -> hold (强度=0.00) 价格在通道中部
2026-06-24 01:12:10 | DEBUG    | strategy.combo:generate_signal:88 |   [MACD_Trend] -> hold (强度=0.00) MACD无明显信号
2026-06-24 01:12:10 | DEBUG    | strategy.combo:generate_signal:88 |   [EMA_Cross] -> buy (强度=0.40) EMA多头排列, 趋势向上
2026-06-24 01:12:10 | DEBUG    | strategy.combo:generate_signal:88 |   [Donchian_Breakout] -> hold (强度=0.00) 价格在通道中部
2026-06-24 01:12:10 | DEBUG    | strategy.combo:generate_signal:88 |   [MACD_Trend] -> hold (强度=0.00) MACD无明显信号
2026-06-24 01:12:10 | DEBUG    | strategy.combo:generate_signal:88 |   [EMA_Cross] -> buy (强度=0.40) EMA多头排列, 趋势向上
2026-06-24 01:12:10 | DEBUG    | strategy.combo:generate_signal:88 |   [Donchian_Breakout] -> hold (强度=0.00) 价格在通道中部
2026-06-24 01:12:10 | DEBUG    | strategy.combo:generate_signal:88 |   [MACD_Trend] -> hold (强度=0.00) MACD无明显信号
2026-06-24 01:12:10 | DEBUG    | strategy.combo:generate_signal:88 |   [EMA_Cross] -> buy (强度=0.40) EMA多头排列, 趋势向上
2026-06-24 01:12:10 | DEBUG    | strategy.combo:generate_signal:88 |   [Donchian_Breakout] -> buy (强度=0.90) 突破20日新高(174.74), ATR=9.59
2026-06-24 01:12:10 | DEBUG    | strategy.combo:generate_signal:88 |   [MACD_Trend] -> buy (强度=0.85) MACD金叉, DIF=3.130, DEA=2.626, 价格在MA60上方
2026-06-24 01:12:10 | DEBUG    | strategy.combo:generate_signal:88 |   [EMA_Cross] -> buy (强度=0.40) EMA多头排列, 趋势向上
2026-06-24 01:12:10 | DEBUG    | strategy.combo:generate_signal:88 |   [Donchian_Breakout] -> buy (强度=0.30) 价格在通道上部(99%)
2026-06-24 01:12:10 | DEBUG    | strategy.combo:generate_signal:88 |   [MACD_Trend] -> buy (强度=0.50) MACD在零轴上方运行, 趋势向上
2026-06-24 01:12:10 | DEBUG    | strategy.combo:generate_signal:88 |   [EMA_Cross] -> buy (强度=0.40) EMA多头排列, 趋势向上
2026-06-24 01:12:10 | DEBUG    | strategy.combo:generate_signal:88 |   [Donchian_Breakout] -> buy (强度=0.30) 价格在通道上部(91%)
2026-06-24 01:12:10 | DEBUG    | strategy.combo:generate_signal:88 |   [MACD_Trend] -> buy (强度=0.50) MACD在零轴上方运行, 趋势向上
2026-06-24 01:12:10 | DEBUG    | strategy.combo:generate_signal:88 |   [EMA_Cross] -> sell (强度=0.70) 价格跌破EMA60趋势线
2026-06-24 01:12:10 | DEBUG    | strategy.combo:generate_signal:88 |   [Donchian_Breakout] -> sell (强度=0.80) 跌破10日新低(149.54)
2026-06-24 01:12:10 | DEBUG    | strategy.combo:generate_signal:88 |   [MACD_Trend] -> sell (强度=0.80) MACD死叉, DIF=1.542, DEA=3.071
2026-06-24 01:12:10 | DEBUG    | strategy.combo:generate_signal:88 |   [EMA_Cross] -> sell (强度=0.80) EMA死叉
2026-06-24 01:12:10 | DEBUG    | strategy.combo:generate_signal:88 |   [Donchian_Breakout] -> sell (强度=0.80) 跌破10日新低(129.45)
2026-06-24 01:12:10 | DEBUG    | strategy.combo:generate_signal:88 |   [MACD_Trend] -> hold (强度=0.00) MACD无明显信号
2026-06-24 01:12:10 | DEBUG    | strategy.combo:generate_signal:88 |   [EMA_Cross] -> hold (强度=0.00) 无明显信号
2026-06-24 01:12:10 | DEBUG    | strategy.combo:generate_signal:88 |   [Donchian_Breakout] -> hold (强度=0.00) 价格在通道中部
2026-06-24 01:12:10 | DEBUG    | strategy.combo:generate_signal:88 |   [MACD_Trend] -> hold (强度=0.00) MACD无明显信号
2026-06-24 01:12:10 | DEBUG    | strategy.combo:generate_signal:88 |   [EMA_Cross] -> hold (强度=0.00) 无明显信号
2026-06-24 01:12:10 | DEBUG    | strategy.combo:generate_signal:88 |   [Donchian_Breakout] -> hold (强度=0.00) 价格在通道中部
2026-06-24 01:12:10 | DEBUG    | strategy.combo:generate_signal:88 |   [MACD_Trend] -> hold (强度=0.00) MACD无明显信号
2026-06-24 01:12:10 | DEBUG    | strategy.combo:generate_signal:88 |   [EMA_Cross] -> hold (强度=0.00) 无明显信号
2026-06-24 01:12:10 | DEBUG    | strategy.combo:generate_signal:88 |   [Donchian_Breakout] -> hold (强度=0.00) 价格在通道中部
2026-06-24 01:12:10 | DEBUG    | strategy.combo:generate_signal:88 |   [MACD_Trend] -> hold (强度=0.00) MACD无明显信号
2026-06-24 01:12:10 | DEBUG    | strategy.combo:generate_signal:88 |   [EMA_Cross] -> hold (强度=0.00) 无明显信号
2026-06-24 01:12:10 | DEBUG    | strategy.combo:generate_signal:88 |   [Donchian_Breakout] -> hold (强度=0.00) 价格在通道中部
2026-06-24 01:12:10 | DEBUG    | strategy.combo:generate_signal:88 |   [MACD_Trend] -> hold (强度=0.00) MACD无明显信号
2026-06-24 01:12:10 | DEBUG    | strategy.combo:generate_signal:88 |   [EMA_Cross] -> hold (强度=0.00) 无明显信号
2026-06-24 01:12:10 | DEBUG    | strategy.combo:generate_signal:88 |   [Donchian_Breakout] -> sell (强度=0.80) 跌破10日新低(118.00)
2026-06-24 01:12:10 | DEBUG    | strategy.combo:generate_signal:88 |   [MACD_Trend] -> hold (强度=0.00) MACD无明显信号
2026-06-24 01:12:10 | DEBUG    | strategy.combo:generate_signal:88 |   [EMA_Cross] -> hold (强度=0.00) 无明显信号
2026-06-24 01:12:10 | DEBUG    | strategy.combo:generate_signal:88 |   [Donchian_Breakout] -> hold (强度=0.00) 价格在通道中部
2026-06-24 01:12:10 | DEBUG    | strategy.combo:generate_signal:88 |   [MACD_Trend] -> hold (强度=0.00) MACD无明显信号
2026-06-24 01:12:10 | DEBUG    | strategy.combo:generate_signal:88 |   [EMA_Cross] -> hold (强度=0.00) 无明显信号
2026-06-24 01:12:10 | DEBUG    | strategy.combo:generate_signal:88 |   [Donchian_Breakout] -> hold (强度=0.00) 价格在通道中部
2026-06-24 01:12:10 | DEBUG    | strategy.combo:generate_signal:88 |   [MACD_Trend] -> hold (强度=0.00) MACD无明显信号
2026-06-24 01:12:10 | DEBUG    | strategy.combo:generate_signal:88 |   [EMA_Cross] -> hold (强度=0.00) 无明显信号
2026-06-24 01:12:10 | DEBUG    | strategy.combo:generate_signal:88 |   [Donchian_Breakout] -> hold (强度=0.00) 价格在通道中部
2026-06-24 01:12:10 | DEBUG    | strategy.combo:generate_signal:88 |   [MACD_Trend] -> hold (强度=0.00) MACD无明显信号
2026-06-24 01:12:10 | DEBUG    | strategy.combo:generate_signal:88 |   [EMA_Cross] -> hold (强度=0.00) 无明显信号
2026-06-24 01:12:10 | DEBUG    | strategy.combo:generate_signal:88 |   [Donchian_Breakout] -> hold (强度=0.00) 价格在通道中部
2026-06-24 01:12:10 | DEBUG    | strategy.combo:generate_signal:88 |   [MACD_Trend] -> hold (强度=0.00) MACD无明显信号
2026-06-24 01:12:10 | DEBUG    | strategy.combo:generate_signal:88 |   [EMA_Cross] -> hold (强度=0.00) 无明显信号
2026-06-24 01:12:10 | DEBUG    | strategy.combo:generate_signal:88 |   [Donchian_Breakout] -> hold (强度=0.00) 价格在通道中部
2026-06-24 01:12:10 | DEBUG    | strategy.combo:generate_signal:88 |   [MACD_Trend] -> hold (强度=0.00) MACD无明显信号
2026-06-24 01:12:10 | DEBUG    | strategy.combo:generate_signal:88 |   [EMA_Cross] -> hold (强度=0.00) 无明显信号
2026-06-24 01:12:10 | DEBUG    | strategy.combo:generate_signal:88 |   [Donchian_Breakout] -> hold (强度=0.00) 价格在通道中部
2026-06-24 01:12:10 | DEBUG    | strategy.combo:generate_signal:88 |   [MACD_Trend] -> hold (强度=0.00) MACD无明显信号
2026-06-24 01:12:10 | DEBUG    | strategy.combo:generate_signal:88 |   [EMA_Cross] -> hold (强度=0.00) 无明显信号
2026-06-24 01:12:10 | DEBUG    | strategy.combo:generate_signal:88 |   [Donchian_Breakout] -> hold (强度=0.00) 价格在通道中部
2026-06-24 01:12:10 | DEBUG    | strategy.combo:generate_signal:88 |   [MACD_Trend] -> hold (强度=0.00) MACD无明显信号
2026-06-24 01:12:10 | DEBUG    | strategy.combo:generate_signal:88 |   [EMA_Cross] -> hold (强度=0.00) 无明显信号
2026-06-24 01:12:10 | DEBUG    | strategy.combo:generate_signal:88 |   [Donchian_Breakout] -> hold (强度=0.00) 价格在通道中部
2026-06-24 01:12:10 | DEBUG    | strategy.combo:generate_signal:88 |   [MACD_Trend] -> hold (强度=0.00) MACD无明显信号
2026-06-24 01:12:10 | DEBUG    | strategy.combo:generate_signal:88 |   [EMA_Cross] -> hold (强度=0.00) 无明显信号
2026-06-24 01:12:10 | DEBUG    | strategy.combo:generate_signal:88 |   [Donchian_Breakout] -> hold (强度=0.00) 价格在通道中部
2026-06-24 01:12:10 | DEBUG    | strategy.combo:generate_signal:88 |   [MACD_Trend] -> hold (强度=0.00) MACD无明显信号
2026-06-24 01:12:10 | DEBUG    | strategy.combo:generate_signal:88 |   [EMA_Cross] -> hold (强度=0.00) 无明显信号
2026-06-24 01:12:10 | DEBUG    | strategy.combo:generate_signal:88 |   [Donchian_Breakout] -> sell (强度=0.80) 跌破10日新低(116.27)
2026-06-24 01:12:10 | DEBUG    | strategy.combo:generate_signal:88 |   [MACD_Trend] -> hold (强度=0.00) MACD无明显信号
2026-06-24 01:12:10 | DEBUG    | strategy.combo:generate_signal:88 |   [EMA_Cross] -> hold (强度=0.00) 无明显信号
2026-06-24 01:12:10 | DEBUG    | strategy.combo:generate_signal:88 |   [Donchian_Breakout] -> hold (强度=0.00) 价格在通道中部
2026-06-24 01:12:10 | DEBUG    | strategy.combo:generate_signal:88 |   [MACD_Trend] -> hold (强度=0.00) MACD无明显信号
2026-06-24 01:12:10 | DEBUG    | strategy.combo:generate_signal:88 |   [EMA_Cross] -> hold (强度=0.00) 无明显信号
2026-06-24 01:12:10 | DEBUG    | strategy.combo:generate_signal:88 |   [Donchian_Breakout] -> sell (强度=0.80) 跌破10日新低(113.34)
2026-06-24 01:12:10 | DEBUG    | strategy.combo:generate_signal:88 |   [MACD_Trend] -> hold (强度=0.00) MACD无明显信号
2026-06-24 01:12:10 | DEBUG    | strategy.combo:generate_signal:88 |   [EMA_Cross] -> hold (强度=0.00) 无明显信号
2026-06-24 01:12:10 | DEBUG    | strategy.combo:generate_signal:88 |   [Donchian_Breakout] -> sell (强度=0.80) 跌破10日新低(112.32)
2026-06-24 01:12:10 | DEBUG    | strategy.combo:generate_signal:88 |   [MACD_Trend] -> hold (强度=0.00) MACD无明显信号
2026-06-24 12:17:46 | INFO     | strategy.combo:__init__:36 | 加载策略: EMA_Cross (权重=1.0)
2026-06-24 12:17:46 | INFO     | strategy.combo:__init__:36 | 加载策略: Donchian_Breakout (权重=1.0)
2026-06-24 12:17:46 | INFO     | strategy.combo:__init__:36 | 加载策略: MACD_Trend (权重=1.0)
2026-06-24 12:17:46 | DEBUG    | strategy.combo:generate_signal:88 |   [EMA_Cross] -> sell (强度=0.70) 价格跌破EMA60趋势线
2026-06-24 12:17:46 | DEBUG    | strategy.combo:generate_signal:88 |   [Donchian_Breakout] -> hold (强度=0.00) 价格在通道中部
2026-06-24 12:17:46 | DEBUG    | strategy.combo:generate_signal:88 |   [MACD_Trend] -> sell (强度=0.50) 价格跌破MA60
2026-06-24 12:17:47 | INFO     | strategy.combo:__init__:36 | 加载策略: EMA_Cross (权重=1.0)
2026-06-24 12:17:47 | INFO     | strategy.combo:__init__:36 | 加载策略: Donchian_Breakout (权重=1.0)
2026-06-24 12:17:47 | INFO     | strategy.combo:__init__:36 | 加载策略: MACD_Trend (权重=1.0)
2026-06-24 12:17:47 | DEBUG    | strategy.combo:generate_signal:88 |   [EMA_Cross] -> buy (强度=0.40) EMA多头排列, 趋势向上
2026-06-24 12:17:47 | DEBUG    | strategy.combo:generate_signal:88 |   [Donchian_Breakout] -> buy (强度=0.30) 价格在通道上部(73%)
2026-06-24 12:17:47 | DEBUG    | strategy.combo:generate_signal:88 |   [MACD_Trend] -> buy (强度=0.50) MACD在零轴上方运行, 趋势向上
2026-06-24 12:17:47 | INFO     | strategy.combo:__init__:36 | 加载策略: EMA_Cross (权重=1.0)
2026-06-24 12:17:47 | INFO     | strategy.combo:__init__:36 | 加载策略: Donchian_Breakout (权重=1.0)
2026-06-24 12:17:47 | INFO     | strategy.combo:__init__:36 | 加载策略: MACD_Trend (权重=1.0)
2026-06-24 12:17:47 | DEBUG    | strategy.combo:generate_signal:88 |   [EMA_Cross] -> buy (强度=0.40) EMA多头排列, 趋势向上
2026-06-24 12:17:47 | DEBUG    | strategy.combo:generate_signal:88 |   [Donchian_Breakout] -> buy (强度=0.30) 价格在通道上部(77%)
2026-06-24 12:17:47 | DEBUG    | strategy.combo:generate_signal:88 |   [MACD_Trend] -> sell (强度=0.80) MACD死叉, DIF=32.717, DEA=33.951
2026-06-24 12:17:48 | INFO     | strategy.combo:__init__:36 | 加载策略: EMA_Cross (权重=1.0)
2026-06-24 12:17:48 | INFO     | strategy.combo:__init__:36 | 加载策略: Donchian_Breakout (权重=1.0)
2026-06-24 12:17:48 | INFO     | strategy.combo:__init__:36 | 加载策略: MACD_Trend (权重=1.0)
2026-06-24 12:17:48 | DEBUG    | strategy.combo:generate_signal:88 |   [EMA_Cross] -> buy (强度=0.40) EMA多头排列, 趋势向上
2026-06-24 12:17:48 | DEBUG    | strategy.combo:generate_signal:88 |   [Donchian_Breakout] -> hold (强度=0.00) 价格在通道中部
2026-06-24 12:17:48 | DEBUG    | strategy.combo:generate_signal:88 |   [MACD_Trend] -> hold (强度=0.00) MACD无明显信号
2026-06-24 12:17:48 | INFO     | strategy.combo:__init__:36 | 加载策略: EMA_Cross (权重=1.0)
2026-06-24 12:17:48 | INFO     | strategy.combo:__init__:36 | 加载策略: Donchian_Breakout (权重=1.0)
2026-06-24 12:17:48 | INFO     | strategy.combo:__init__:36 | 加载策略: MACD_Trend (权重=1.0)
2026-06-24 12:17:48 | DEBUG    | strategy.combo:generate_signal:88 |   [EMA_Cross] -> buy (强度=0.40) EMA多头排列, 趋势向上
2026-06-24 12:17:48 | DEBUG    | strategy.combo:generate_signal:88 |   [Donchian_Breakout] -> buy (强度=0.30) 价格在通道上部(87%)
2026-06-24 12:17:48 | DEBUG    | strategy.combo:generate_signal:88 |   [MACD_Trend] -> buy (强度=0.50) MACD在零轴上方运行, 趋势向上
2026-06-24 12:17:49 | INFO     | strategy.combo:__init__:36 | 加载策略: EMA_Cross (权重=1.0)
2026-06-24 12:17:49 | INFO     | strategy.combo:__init__:36 | 加载策略: Donchian_Breakout (权重=1.0)
2026-06-24 12:17:49 | INFO     | strategy.combo:__init__:36 | 加载策略: MACD_Trend (权重=1.0)
2026-06-24 12:17:49 | DEBUG    | strategy.combo:generate_signal:88 |   [EMA_Cross] -> buy (强度=0.40) EMA多头排列, 趋势向上
2026-06-24 12:17:49 | DEBUG    | strategy.combo:generate_signal:88 |   [Donchian_Breakout] -> buy (强度=0.30) 价格在通道上部(87%)
2026-06-24 12:17:49 | DEBUG    | strategy.combo:generate_signal:88 |   [MACD_Trend] -> buy (强度=0.50) MACD在零轴上方运行, 趋势向上
2026-06-24 17:29:41 | INFO     | strategy.combo:__init__:36 | 加载策略: EMA_Cross (权重=1.0)
2026-06-24 17:29:41 | INFO     | strategy.combo:__init__:36 | 加载策略: Donchian_Breakout (权重=1.0)
2026-06-24 17:29:41 | INFO     | strategy.combo:__init__:36 | 加载策略: MACD_Trend (权重=1.0)
2026-06-24 17:29:41 | DEBUG    | strategy.combo:generate_signal:88 |   [EMA_Cross] -> hold (强度=0.00) 无明显信号
2026-06-24 17:29:41 | DEBUG    | strategy.combo:generate_signal:88 |   [Donchian_Breakout] -> hold (强度=0.00) 价格在通道中部
2026-06-24 17:29:41 | DEBUG    | strategy.combo:generate_signal:88 |   [MACD_Trend] -> hold (强度=0.00) MACD无明显信号
2026-06-24 17:29:41 | INFO     | strategy.combo:__init__:36 | 加载策略: EMA_Cross (权重=1.0)
2026-06-24 17:29:41 | INFO     | strategy.combo:__init__:36 | 加载策略: Donchian_Breakout (权重=1.0)
2026-06-24 17:29:41 | INFO     | strategy.combo:__init__:36 | 加载策略: MACD_Trend (权重=1.0)
2026-06-24 17:29:41 | DEBUG    | strategy.combo:generate_signal:88 |   [EMA_Cross] -> buy (强度=0.40) EMA多头排列, 趋势向上
2026-06-24 17:29:41 | DEBUG    | strategy.combo:generate_signal:88 |   [Donchian_Breakout] -> hold (强度=0.00) 价格在通道中部
2026-06-24 17:29:41 | DEBUG    | strategy.combo:generate_signal:88 |   [MACD_Trend] -> buy (强度=0.50) MACD在零轴上方运行, 趋势向上
2026-06-24 17:29:42 | INFO     | strategy.combo:__init__:36 | 加载策略: EMA_Cross (权重=1.0)
2026-06-24 17:29:42 | INFO     | strategy.combo:__init__:36 | 加载策略: Donchian_Breakout (权重=1.0)
2026-06-24 17:29:42 | INFO     | strategy.combo:__init__:36 | 加载策略: MACD_Trend (权重=1.0)
2026-06-24 17:29:42 | DEBUG    | strategy.combo:generate_signal:88 |   [EMA_Cross] -> buy (强度=0.40) EMA多头排列, 趋势向上
2026-06-24 17:29:42 | DEBUG    | strategy.combo:generate_signal:88 |   [Donchian_Breakout] -> buy (强度=0.30) 价格在通道上部(71%)
2026-06-24 17:29:42 | DEBUG    | strategy.combo:generate_signal:88 |   [MACD_Trend] -> hold (强度=0.00) MACD无明显信号
2026-06-24 17:29:42 | INFO     | strategy.combo:__init__:36 | 加载策略: EMA_Cross (权重=1.0)
2026-06-24 17:29:42 | INFO     | strategy.combo:__init__:36 | 加载策略: Donchian_Breakout (权重=1.0)
2026-06-24 17:29:42 | INFO     | strategy.combo:__init__:36 | 加载策略: MACD_Trend (权重=1.0)
2026-06-24 17:29:42 | DEBUG    | strategy.combo:generate_signal:88 |   [EMA_Cross] -> buy (强度=0.40) EMA多头排列, 趋势向上
2026-06-24 17:29:42 | DEBUG    | strategy.combo:generate_signal:88 |   [Donchian_Breakout] -> hold (强度=0.00) 价格在通道中部
2026-06-24 17:29:42 | DEBUG    | strategy.combo:generate_signal:88 |   [MACD_Trend] -> hold (强度=0.00) MACD无明显信号
2026-06-24 17:29:42 | INFO     | strategy.combo:__init__:36 | 加载策略: EMA_Cross (权重=1.0)
2026-06-24 17:29:42 | INFO     | strategy.combo:__init__:36 | 加载策略: Donchian_Breakout (权重=1.0)
2026-06-24 17:29:42 | INFO     | strategy.combo:__init__:36 | 加载策略: MACD_Trend (权重=1.0)
2026-06-24 17:29:42 | DEBUG    | strategy.combo:generate_signal:88 |   [EMA_Cross] -> buy (强度=0.40) EMA多头排列, 趋势向上
2026-06-24 17:29:42 | DEBUG    | strategy.combo:generate_signal:88 |   [Donchian_Breakout] -> buy (强度=0.30) 价格在通道上部(103%)
2026-06-24 17:29:42 | DEBUG    | strategy.combo:generate_signal:88 |   [MACD_Trend] -> buy (强度=0.50) MACD在零轴上方运行, 趋势向上
2026-06-24 17:29:43 | INFO     | strategy.combo:__init__:36 | 加载策略: EMA_Cross (权重=1.0)
2026-06-24 17:29:43 | INFO     | strategy.combo:__init__:36 | 加载策略: Donchian_Breakout (权重=1.0)
2026-06-24 17:29:43 | INFO     | strategy.combo:__init__:36 | 加载策略: MACD_Trend (权重=1.0)
2026-06-24 17:29:43 | DEBUG    | strategy.combo:generate_signal:88 |   [EMA_Cross] -> buy (强度=0.40) EMA多头排列, 趋势向上
2026-06-24 17:29:43 | DEBUG    | strategy.combo:generate_signal:88 |   [Donchian_Breakout] -> buy (强度=0.90) 突破20日新高(167.80), ATR=10.45
2026-06-24 17:29:43 | DEBUG    | strategy.combo:generate_signal:88 |   [MACD_Trend] -> buy (强度=0.50) MACD在零轴上方运行, 趋势向上
2026-06-24 23:33:54 | INFO     | strategy.combo:__init__:36 | 加载策略: EMA_Cross (权重=1.0)
2026-06-24 23:33:55 | INFO     | strategy.combo:__init__:36 | 加载策略: Donchian_Breakout (权重=1.0)
2026-06-24 23:33:55 | INFO     | strategy.combo:__init__:36 | 加载策略: MACD_Trend (权重=1.0)
2026-06-24 23:33:55 | DEBUG    | strategy.combo:generate_signal:88 |   [EMA_Cross] -> buy (强度=0.40) EMA多头排列, 趋势向上
2026-06-24 23:33:55 | DEBUG    | strategy.combo:generate_signal:88 |   [Donchian_Breakout] -> hold (强度=0.00) 价格在通道中部
2026-06-24 23:33:55 | DEBUG    | strategy.combo:generate_signal:88 |   [MACD_Trend] -> buy (强度=0.50) MACD在零轴上方运行, 趋势向上
2026-06-24 23:33:55 | INFO     | strategy.combo:__init__:36 | 加载策略: EMA_Cross (权重=1.0)
2026-06-24 23:33:55 | INFO     | strategy.combo:__init__:36 | 加载策略: Donchian_Breakout (权重=1.0)
2026-06-24 23:33:55 | INFO     | strategy.combo:__init__:36 | 加载策略: MACD_Trend (权重=1.0)
2026-06-24 23:33:55 | DEBUG    | strategy.combo:generate_signal:88 |   [EMA_Cross] -> buy (强度=0.40) EMA多头排列, 趋势向上
2026-06-24 23:33:55 | DEBUG    | strategy.combo:generate_signal:88 |   [Donchian_Breakout] -> buy (强度=0.30) 价格在通道上部(71%)
2026-06-24 23:33:55 | DEBUG    | strategy.combo:generate_signal:88 |   [MACD_Trend] -> hold (强度=0.00) MACD无明显信号
2026-06-24 23:33:55 | INFO     | strategy.combo:__init__:36 | 加载策略: EMA_Cross (权重=1.0)
2026-06-24 23:33:55 | INFO     | strategy.combo:__init__:36 | 加载策略: Donchian_Breakout (权重=1.0)
2026-06-24 23:33:55 | INFO     | strategy.combo:__init__:36 | 加载策略: MACD_Trend (权重=1.0)
2026-06-24 23:33:55 | DEBUG    | strategy.combo:generate_signal:88 |   [EMA_Cross] -> buy (强度=0.40) EMA多头排列, 趋势向上
2026-06-24 23:33:55 | DEBUG    | strategy.combo:generate_signal:88 |   [Donchian_Breakout] -> hold (强度=0.00) 价格在通道中部
2026-06-24 23:33:55 | DEBUG    | strategy.combo:generate_signal:88 |   [MACD_Trend] -> hold (强度=0.00) MACD无明显信号
2026-06-24 23:33:56 | INFO     | strategy.combo:__init__:36 | 加载策略: EMA_Cross (权重=1.0)
2026-06-24 23:33:56 | INFO     | strategy.combo:__init__:36 | 加载策略: Donchian_Breakout (权重=1.0)
2026-06-24 23:33:56 | INFO     | strategy.combo:__init__:36 | 加载策略: MACD_Trend (权重=1.0)
2026-06-24 23:33:56 | DEBUG    | strategy.combo:generate_signal:88 |   [EMA_Cross] -> buy (强度=0.40) EMA多头排列, 趋势向上
2026-06-24 23:33:56 | DEBUG    | strategy.combo:generate_signal:88 |   [Donchian_Breakout] -> hold (强度=0.00) 价格在通道中部
2026-06-24 23:33:56 | DEBUG    | strategy.combo:generate_signal:88 |   [MACD_Trend] -> buy (强度=0.50) MACD在零轴上方运行, 趋势向上
2026-06-24 23:33:56 | INFO     | strategy.combo:__init__:36 | 加载策略: EMA_Cross (权重=1.0)
2026-06-24 23:33:56 | INFO     | strategy.combo:__init__:36 | 加载策略: Donchian_Breakout (权重=1.0)
2026-06-24 23:33:56 | INFO     | strategy.combo:__init__:36 | 加载策略: MACD_Trend (权重=1.0)
2026-06-24 23:33:56 | DEBUG    | strategy.combo:generate_signal:88 |   [EMA_Cross] -> buy (强度=0.40) EMA多头排列, 趋势向上
2026-06-24 23:33:56 | DEBUG    | strategy.combo:generate_signal:88 |   [Donchian_Breakout] -> buy (强度=0.30) 价格在通道上部(106%)
2026-06-24 23:33:56 | DEBUG    | strategy.combo:generate_signal:88 |   [MACD_Trend] -> buy (强度=0.50) MACD在零轴上方运行, 趋势向上
2026-06-24 23:33:56 | INFO     | strategy.combo:__init__:36 | 加载策略: EMA_Cross (权重=1.0)
2026-06-24 23:33:56 | INFO     | strategy.combo:__init__:36 | 加载策略: Donchian_Breakout (权重=1.0)
2026-06-24 23:33:56 | INFO     | strategy.combo:__init__:36 | 加载策略: MACD_Trend (权重=1.0)
2026-06-24 23:33:56 | DEBUG    | strategy.combo:generate_signal:88 |   [EMA_Cross] -> buy (强度=0.40) EMA多头排列, 趋势向上
2026-06-24 23:33:56 | DEBUG    | strategy.combo:generate_signal:88 |   [Donchian_Breakout] -> buy (强度=0.90) 突破20日新高(167.80), ATR=10.45
2026-06-24 23:33:56 | DEBUG    | strategy.combo:generate_signal:88 |   [MACD_Trend] -> buy (强度=0.50) MACD在零轴上方运行, 趋势向上
2026-06-24 23:33:57 | INFO     | strategy.combo:__init__:36 | 加载策略: EMA_Cross (权重=1.0)
2026-06-24 23:33:57 | INFO     | strategy.combo:__init__:36 | 加载策略: Donchian_Breakout (权重=1.0)
2026-06-24 23:33:57 | INFO     | strategy.combo:__init__:36 | 加载策略: MACD_Trend (权重=1.0)
2026-06-24 23:33:57 | DEBUG    | strategy.combo:generate_signal:88 |   [EMA_Cross] -> buy (强度=0.40) EMA多头排列, 趋势向上
2026-06-24 23:33:57 | DEBUG    | strategy.combo:generate_signal:88 |   [Donchian_Breakout] -> buy (强度=0.90) 突破20日新高(778.68), ATR=56.64
2026-06-24 23:33:57 | DEBUG    | strategy.combo:generate_signal:88 |   [MACD_Trend] -> buy (强度=0.50) MACD在零轴上方运行, 趋势向上
2026-06-24 23:33:57 | INFO     | strategy.combo:__init__:36 | 加载策略: EMA_Cross (权重=1.0)
2026-06-24 23:33:57 | INFO     | strategy.combo:__init__:36 | 加载策略: Donchian_Breakout (权重=1.0)
2026-06-24 23:33:57 | INFO     | strategy.combo:__init__:36 | 加载策略: MACD_Trend (权重=1.0)
2026-06-24 23:33:57 | DEBUG    | strategy.combo:generate_signal:88 |   [EMA_Cross] -> buy (强度=0.40) EMA多头排列, 趋势向上
2026-06-24 23:33:57 | DEBUG    | strategy.combo:generate_signal:88 |   [Donchian_Breakout] -> hold (强度=0.00) 价格在通道中部
2026-06-24 23:33:57 | DEBUG    | strategy.combo:generate_signal:88 |   [MACD_Trend] -> buy (强度=0.50) MACD在零轴上方运行, 趋势向上
2026-06-24 23:33:57 | INFO     | strategy.combo:__init__:36 | 加载策略: EMA_Cross (权重=1.0)
2026-06-24 23:33:57 | INFO     | strategy.combo:__init__:36 | 加载策略: Donchian_Breakout (权重=1.0)
2026-06-24 23:33:57 | INFO     | strategy.combo:__init__:36 | 加载策略: MACD_Trend (权重=1.0)
2026-06-24 23:33:57 | DEBUG    | strategy.combo:generate_signal:88 |   [EMA_Cross] -> buy (强度=0.40) EMA多头排列, 趋势向上
2026-06-24 23:33:57 | DEBUG    | strategy.combo:generate_signal:88 |   [Donchian_Breakout] -> buy (强度=0.30) 价格在通道上部(103%)
2026-06-24 23:33:57 | DEBUG    | strategy.combo:generate_signal:88 |   [MACD_Trend] -> buy (强度=0.50) MACD在零轴上方运行, 趋势向上
